STUDYID,SITEID,SUBJID,AGE,SEX,RACE,ETHNICITY,HEIGHT_CM,WEIGHT_KG,BMI,BIRTH_DATE,COUNTRY,RAND_DATE,ARM,TREATMENT_START_DATE
ONCO-2026,SITE004,SUBJ0001,62,M,WHITE,NOT HISPANIC OR LATINO,166.6,78.2,28.2,1961-02-22,GBR,2024-04-15,ARM B,2024-04-22
ONCO-2026,SITE014,SUBJ0002,84,F,BLACK OR AFRICAN AMERICAN,NOT HISPANIC OR LATINO,163.5,100.4,37.6,1939-11-19,BEL,2024-11-07,ARM A,2024-11-08
ONCO-2026,SITE010,SUBJ0003,71,F,WHITE,NOT HISPANIC OR LATINO,168.0,79.6,28.2,1953-01-03,AUS,2024-05-29,ARM B,2024-05-31
ONCO-2026,SITE007,SUBJ0004,49,F,ASIAN,NOT HISPANIC OR LATINO,174.0,79.8,26.4,1974-08-28,JPN,2024-02-03,ARM B,2024-02-10
ONCO-2026,SITE002,SUBJ0005,45,F,ASIAN,NOT HISPANIC OR LATINO,153.6,73.2,31.0,1978-09-12,USA,2024-03-10,ARM A,2024-03-14
ONCO-2026,SITE002,SUBJ0006,64,F,BLACK OR AFRICAN AMERICAN,NOT HISPANIC OR LATINO,145.0,92.4,43.9,1959-09-23,USA,2024-08-24,ARM B,2024-08-28
ONCO-2026,SITE001,SUBJ0007,39,F,WHITE,NOT HISPANIC OR LATINO,162.5,90.4,34.2,1984-11-05,USA,2024-07-09,ARM A,2024-07-15
ONCO-2026,SITE012,SUBJ0008,83,F,WHITE,NOT HISPANIC OR LATINO,155.8,64.6,26.6,1940-11-24,ESP,2024-06-23,ARM A,2024-06-30
ONCO-2026,SITE008,SUBJ0009,74,F,WHITE,NOT HISPANIC OR LATINO,162.9,54.2,20.4,1949-02-03,JPN,2024-08-25,ARM B,2024-09-01
ONCO-2026,SITE009,SUBJ0010,51,F,WHITE,NOT HISPANIC OR LATINO,166.5,71.0,25.6,1972-04-11,CAN,2024-10-02,ARM A,2024-10-05
ONCO-2026,SITE001,SUBJ0011,34,F,WHITE,HISPANIC OR LATINO,163.5,62.0,23.2,1989-12-02,USA,2024-03-14,ARM A,2024-03-21
ONCO-2026,SITE015,SUBJ0012,76,F,AMERICAN INDIAN OR ALASKA NATIVE,NOT HISPANIC OR LATINO,182.5,73.0,21.9,1947-03-19,CHE,2024-07-30,ARM B,2024-08-01
ONCO-2026,SITE012,SUBJ0013,56,M,WHITE,NOT HISPANIC OR LATINO,171.3,92.6,31.6,1967-06-13,ESP,2024-11-05,ARM A,2024-11-11
ONCO-2026,SITE002,SUBJ0014,75,F,WHITE,NOT HISPANIC OR LATINO,171.0,67.1,22.9,1948-12-30,USA,2024-04-21,ARM A,2024-04-24
ONCO-2026,SITE002,SUBJ0015,35,F,WHITE,NOT HISPANIC OR LATINO,174.2,73.4,24.2,1988-12-31,USA,2024-05-24,ARM A,2024-05-26
ONCO-2026,SITE002,SUBJ0016,49,M,WHITE,NOT HISPANIC OR LATINO,156.6,74.9,30.5,1974-11-29,USA,2024-02-06,ARM B,2024-02-07
ONCO-2026,SITE003,SUBJ0017,58,F,WHITE,NOT HISPANIC OR LATINO,178.4,86.7,27.2,1965-09-26,GBR,2024-08-25,ARM A,2024-08-29
ONCO-2026,SITE006,SUBJ0018,58,M,WHITE,NOT HISPANIC OR LATINO,167.2,40.3,14.4,1965-09-18,FRA,2024-01-15,ARM B,2024-01-21
ONCO-2026,SITE005,SUBJ0019,51,M,ASIAN,NOT HISPANIC OR LATINO,174.7,64.9,21.3,1972-05-02,DEU,2024-10-07,ARM B,2024-10-12
ONCO-2026,SITE003,SUBJ0020,66,F,WHITE,NOT HISPANIC OR LATINO,157.3,77.2,31.2,1957-03-13,GBR,2024-10-16,ARM B,2024-10-20
ONCO-2026,SITE008,SUBJ0021,43,M,UNKNOWN,NOT HISPANIC OR LATINO,152.5,92.0,39.6,1981-01-02,JPN,2024-04-24,ARM B,2024-04-24
ONCO-2026,SITE002,SUBJ0022,56,F,ASIAN,UNKNOWN,176.2,66.6,21.5,1967-04-03,USA,2024-07-19,ARM A,2024-07-23
ONCO-2026,SITE003,SUBJ0023,59,F,WHITE,NOT HISPANIC OR LATINO,171.8,45.9,15.6,1964-10-06,GBR,2024-08-22,ARM B,2024-08-26
ONCO-2026,SITE004,SUBJ0024,65,M,AMERICAN INDIAN OR ALASKA NATIVE,NOT HISPANIC OR LATINO,159.0,83.3,32.9,1958-02-17,GBR,2024-02-19,ARM A,2024-02-26
ONCO-2026,SITE005,SUBJ0025,67,M,WHITE,NOT HISPANIC OR LATINO,159.3,64.5,25.4,1956-01-22,DEU,2024-07-02,ARM A,2024-07-04
ONCO-2026,SITE011,SUBJ0026,42,M,ASIAN,NOT HISPANIC OR LATINO,179.3,56.2,17.5,1981-04-11,ITA,2024-06-23,ARM A,2024-06-30
ONCO-2026,SITE002,SUBJ0027,36,F,WHITE,NOT HISPANIC OR LATINO,156.1,64.6,26.5,1987-06-15,USA,2024-03-18,ARM B,2024-03-25
ONCO-2026,SITE006,SUBJ0028,75,F,ASIAN,HISPANIC OR LATINO,,71.2,,1948-09-25,FRA,2024-06-16,ARM A,2024-06-21
ONCO-2026,SITE007,SUBJ0029,62,F,ASIAN,NOT HISPANIC OR LATINO,159.0,64.9,25.7,1961-05-31,JPN,2024-09-30,ARM B,2024-10-05
ONCO-2026,SITE001,SUBJ0030,47,M,ASIAN,NOT HISPANIC OR LATINO,174.4,40.9,13.4,1976-03-20,USA,2024-06-21,ARM A,2024-06-27
ONCO-2026,SITE008,SUBJ0031,79,F,ASIAN,NOT HISPANIC OR LATINO,164.7,87.5,32.3,1944-08-26,JPN,2024-08-11,ARM A,2024-08-18
ONCO-2026,SITE002,SUBJ0032,59,F,WHITE,NOT HISPANIC OR LATINO,174.0,93.1,30.8,1965-01-12,USA,2024-06-30,ARM B,2024-07-05
ONCO-2026,SITE001,SUBJ0033,74,F,WHITE,NOT HISPANIC OR LATINO,162.6,83.8,31.7,1949-10-26,USA,2024-08-08,ARM A,2024-08-11
ONCO-2026,SITE014,SUBJ0034,58,M,WHITE,NOT HISPANIC OR LATINO,166.4,56.9,20.5,1965-01-23,BEL,2024-06-14,ARM B,2024-06-17
ONCO-2026,SITE015,SUBJ0035,85,F,WHITE,NOT HISPANIC OR LATINO,168.4,71.0,25.0,1938-06-13,CHE,2024-10-24,ARM A,2024-10-30
ONCO-2026,SITE011,SUBJ0036,82,F,BLACK OR AFRICAN AMERICAN,NOT HISPANIC OR LATINO,158.0,73.9,29.6,1941-07-25,ITA,2024-03-20,ARM B,2024-03-23
ONCO-2026,SITE003,SUBJ0037,54,F,WHITE,NOT HISPANIC OR LATINO,175.4,83.0,27.0,1969-08-26,GBR,2024-04-22,ARM B,2024-04-28
ONCO-2026,SITE001,SUBJ0038,71,M,OTHER,NOT HISPANIC OR LATINO,162.9,84.0,31.7,1952-10-28,USA,2024-08-17,ARM A,2024-08-17
ONCO-2026,SITE009,SUBJ0039,67,F,BLACK OR AFRICAN AMERICAN,HISPANIC OR LATINO,165.7,63.0,22.9,1956-09-27,CAN,2024-07-27,ARM B,2024-08-01
ONCO-2026,SITE005,SUBJ0040,77,F,ASIAN,NOT HISPANIC OR LATINO,158.1,75.2,30.1,1946-07-27,DEU,2024-04-13,ARM B,2024-04-20
ONCO-2026,SITE002,SUBJ0041,44,M,WHITE,NOT HISPANIC OR LATINO,142.4,80.9,39.9,1979-11-24,USA,2024-11-01,ARM A,2024-11-07
ONCO-2026,SITE006,SUBJ0042,67,F,ASIAN,NOT HISPANIC OR LATINO,166.1,95.8,34.7,1956-11-29,FRA,2024-06-17,ARM A,2024-06-23
ONCO-2026,SITE001,SUBJ0043,72,F,AMERICAN INDIAN OR ALASKA NATIVE,NOT HISPANIC OR LATINO,192.1,84.6,22.9,1951-07-05,USA,2024-08-09,ARM B,2024-08-11
ONCO-2026,SITE013,SUBJ0044,33,M,WHITE,NOT HISPANIC OR LATINO,175.8,85.8,27.8,1990-11-27,NLD,2024-10-21,ARM B,2024-10-28
ONCO-2026,SITE003,SUBJ0045,41,M,WHITE,NOT HISPANIC OR LATINO,167.8,75.3,26.7,1982-07-16,GBR,2024-01-15,ARM A,2024-01-15
ONCO-2026,SITE009,SUBJ0046,29,F,ASIAN,NOT HISPANIC OR LATINO,165.4,95.2,34.8,1994-07-23,CAN,2024-06-18,ARM B,2024-06-20
ONCO-2026,SITE003,SUBJ0047,54,M,WHITE,NOT HISPANIC OR LATINO,168.2,80.1,28.3,1969-03-12,GBR,2024-06-09,ARM B,2024-06-14
ONCO-2026,SITE006,SUBJ0048,68,F,WHITE,NOT HISPANIC OR LATINO,173.5,61.1,20.3,1955-09-02,FRA,2024-05-01,ARM B,2024-05-02
ONCO-2026,SITE007,SUBJ0049,79,M,WHITE,NOT HISPANIC OR LATINO,156.2,95.1,39.0,1944-12-24,JPN,2024-08-22,ARM A,2024-08-29
ONCO-2026,SITE002,SUBJ0050,59,F,WHITE,NOT HISPANIC OR LATINO,179.1,84.5,26.3,1964-05-25,USA,2024-11-06,ARM B,2024-11-07
ONCO-2026,SITE015,SUBJ0051,80,M,WHITE,HISPANIC OR LATINO,175.2,67.4,22.0,1943-04-16,CHE,2024-06-27,ARM B,2024-07-04
ONCO-2026,SITE010,SUBJ0052,38,F,WHITE,NOT HISPANIC OR LATINO,175.2,66.8,21.8,1985-11-13,AUS,2024-09-09,ARM B,2024-09-09
ONCO-2026,SITE014,SUBJ0053,34,F,WHITE,NOT HISPANIC OR LATINO,172.4,78.4,26.4,1989-07-06,BEL,2024-08-28,ARM A,2024-08-30
ONCO-2026,SITE013,SUBJ0054,57,F,WHITE,NOT HISPANIC OR LATINO,168.2,80.9,28.6,1966-12-06,NLD,2024-08-28,ARM B,2024-09-03
ONCO-2026,SITE007,SUBJ0055,63,F,OTHER,NOT HISPANIC OR LATINO,174.7,77.0,25.2,1960-04-08,JPN,2024-05-03,ARM B,2024-05-05
ONCO-2026,SITE014,SUBJ0056,57,M,WHITE,NOT HISPANIC OR LATINO,173.9,78.7,26.0,1966-08-18,BEL,2024-10-02,ARM B,2024-10-03
ONCO-2026,SITE001,SUBJ0057,29,F,OTHER,UNKNOWN,164.5,99.5,36.8,1994-02-28,USA,2024-09-13,ARM B,2024-09-20
ONCO-2026,SITE002,SUBJ0058,56,M,WHITE,HISPANIC OR LATINO,162.3,90.1,34.2,1967-03-05,USA,2024-04-10,ARM B,2024-04-14
ONCO-2026,SITE001,SUBJ0059,39,M,WHITE,NOT HISPANIC OR LATINO,169.0,76.9,26.9,1984-07-14,USA,2024-02-27,ARM B,2024-03-03
ONCO-2026,SITE004,SUBJ0060,67,M,WHITE,HISPANIC OR LATINO,183.5,88.1,26.2,1956-03-26,GBR,2024-06-08,ARM A,2024-06-14
ONCO-2026,SITE004,SUBJ0061,63,M,WHITE,NOT HISPANIC OR LATINO,155.6,58.5,24.2,1960-10-09,GBR,2024-10-04,ARM B,2024-10-05
ONCO-2026,SITE003,SUBJ0062,44,F,WHITE,NOT HISPANIC OR LATINO,153.3,80.0,34.0,1979-01-20,GBR,2024-07-04,ARM A,2024-07-09
ONCO-2026,SITE011,SUBJ0063,50,F,BLACK OR AFRICAN AMERICAN,NOT HISPANIC OR LATINO,169.6,101.1,35.1,1973-12-11,ITA,2024-03-02,ARM B,2024-03-08
ONCO-2026,SITE004,SUBJ0064,43,M,WHITE,NOT HISPANIC OR LATINO,168.5,70.7,24.9,1980-12-23,GBR,2024-05-14,ARM A,2024-05-19
ONCO-2026,SITE003,SUBJ0065,57,M,WHITE,NOT HISPANIC OR LATINO,169.7,61.3,21.3,1966-02-11,GBR,2024-06-21,ARM A,2024-06-28
ONCO-2026,SITE007,SUBJ0066,71,F,BLACK OR AFRICAN AMERICAN,NOT HISPANIC OR LATINO,170.4,64.2,22.1,1952-09-21,JPN,2024-05-09,ARM B,2024-05-09
ONCO-2026,SITE002,SUBJ0067,44,M,WHITE,NOT HISPANIC OR LATINO,165.8,57.7,21.0,1979-08-20,USA,2024-04-25,ARM B,2024-04-26
ONCO-2026,SITE011,SUBJ0068,65,M,WHITE,NOT HISPANIC OR LATINO,182.9,62.2,18.6,1958-12-06,ITA,2024-03-30,ARM A,2024-04-02
ONCO-2026,SITE001,SUBJ0069,50,M,ASIAN,HISPANIC OR LATINO,152.0,68.4,29.6,1973-09-18,USA,2024-01-27,ARM B,2024-01-31
ONCO-2026,SITE015,SUBJ0070,46,F,WHITE,UNKNOWN,159.7,52.9,20.7,1977-11-25,CHE,2024-02-07,ARM B,2024-02-10
ONCO-2026,SITE010,SUBJ0071,56,F,WHITE,NOT HISPANIC OR LATINO,167.0,74.2,26.6,1967-07-05,AUS,2024-05-19,ARM A,2024-05-20
ONCO-2026,SITE002,SUBJ0072,43,M,UNKNOWN,NOT HISPANIC OR LATINO,151.6,,,1980-08-26,USA,2024-09-14,ARM A,2024-09-20
ONCO-2026,SITE001,SUBJ0073,50,M,WHITE,NOT HISPANIC OR LATINO,166.2,60.4,21.9,1973-05-28,USA,2024-02-21,ARM B,2024-02-22
ONCO-2026,SITE011,SUBJ0074,41,F,BLACK OR AFRICAN AMERICAN,NOT HISPANIC OR LATINO,184.6,96.8,28.4,1982-02-24,ITA,2024-09-04,ARM A,2024-09-05
ONCO-2026,SITE009,SUBJ0075,85,F,UNKNOWN,NOT HISPANIC OR LATINO,168.2,81.7,28.9,1938-07-13,CAN,2024-08-14,ARM B,2024-08-21
ONCO-2026,SITE010,SUBJ0076,58,M,WHITE,HISPANIC OR LATINO,170.3,89.5,30.9,1965-10-24,AUS,2024-11-04,ARM B,2024-11-06
ONCO-2026,SITE010,SUBJ0077,48,F,WHITE,NOT HISPANIC OR LATINO,155.4,64.1,26.5,1975-07-10,AUS,2024-04-23,ARM B,2024-04-27
ONCO-2026,SITE001,SUBJ0078,60,M,WHITE,NOT HISPANIC OR LATINO,161.8,86.8,33.2,1963-07-18,USA,2024-07-29,ARM A,2024-07-29
ONCO-2026,SITE004,SUBJ0079,56,M,WHITE,HISPANIC OR LATINO,164.2,57.6,21.4,1967-09-30,GBR,2024-09-24,ARM A,2024-09-24
ONCO-2026,SITE001,SUBJ0080,54,F,WHITE,NOT HISPANIC OR LATINO,164.8,87.4,32.2,1969-02-06,USA,2024-08-06,ARM B,2024-08-11
ONCO-2026,SITE012,SUBJ0081,66,M,BLACK OR AFRICAN AMERICAN,HISPANIC OR LATINO,180.8,76.6,23.4,1957-09-01,ESP,2024-05-18,ARM B,2024-05-18
ONCO-2026,SITE008,SUBJ0082,68,F,WHITE,NOT HISPANIC OR LATINO,173.6,82.3,27.3,1955-01-21,JPN,2024-03-30,ARM A,2024-04-03
ONCO-2026,SITE004,SUBJ0083,50,M,WHITE,NOT HISPANIC OR LATINO,156.9,56.4,22.9,1973-01-31,GBR,2024-01-17,ARM B,2024-01-22
ONCO-2026,SITE001,SUBJ0084,49,M,UNKNOWN,NOT HISPANIC OR LATINO,170.5,60.6,20.8,1974-02-18,USA,2024-03-09,ARM A,2024-03-14
ONCO-2026,SITE003,SUBJ0085,54,F,ASIAN,NOT HISPANIC OR LATINO,173.0,83.0,27.7,1969-12-10,GBR,2024-08-19,ARM A,2024-08-25
ONCO-2026,SITE004,SUBJ0086,25,M,WHITE,NOT HISPANIC OR LATINO,179.4,59.8,18.6,1998-03-10,GBR,2024-05-06,ARM A,2024-05-08
ONCO-2026,SITE010,SUBJ0087,36,F,WHITE,NOT HISPANIC OR LATINO,183.8,,,1987-02-24,AUS,2024-04-14,ARM A,2024-04-17
ONCO-2026,SITE008,SUBJ0088,77,M,BLACK OR AFRICAN AMERICAN,HISPANIC OR LATINO,157.8,53.5,21.5,1946-10-20,JPN,2024-10-06,ARM A,2024-10-12
ONCO-2026,SITE013,SUBJ0089,81,M,WHITE,NOT HISPANIC OR LATINO,159.9,86.7,33.9,1942-04-17,NLD,2024-09-08,ARM A,2024-09-10
ONCO-2026,SITE006,SUBJ0090,54,M,WHITE,NOT HISPANIC OR LATINO,155.4,55.5,23.0,1969-09-12,FRA,2024-02-09,ARM A,2024-02-11
ONCO-2026,SITE001,SUBJ0091,66,F,WHITE,NOT HISPANIC OR LATINO,165.7,82.3,30.0,1957-10-24,USA,2024-10-26,ARM A,2024-10-28
ONCO-2026,SITE009,SUBJ0092,62,M,ASIAN,NOT HISPANIC OR LATINO,172.7,83.4,28.0,1961-05-24,CAN,2024-05-21,ARM A,2024-05-22
ONCO-2026,SITE010,SUBJ0093,85,F,WHITE,NOT HISPANIC OR LATINO,177.9,63.5,20.1,1938-07-05,AUS,2024-03-17,ARM A,2024-03-23
ONCO-2026,SITE007,SUBJ0094,73,M,WHITE,NOT HISPANIC OR LATINO,167.2,82.7,29.6,1950-08-30,JPN,2024-09-04,ARM B,2024-09-07
ONCO-2026,SITE010,SUBJ0095,56,F,WHITE,HISPANIC OR LATINO,164.8,77.9,28.7,1967-02-22,AUS,2024-03-23,ARM B,2024-03-30
ONCO-2026,SITE006,SUBJ0096,44,M,WHITE,NOT HISPANIC OR LATINO,169.5,65.9,22.9,1979-01-28,FRA,2024-09-08,ARM A,2024-09-10
ONCO-2026,SITE006,SUBJ0097,35,F,ASIAN,NOT HISPANIC OR LATINO,159.6,58.9,23.1,1988-04-05,FRA,2024-10-12,ARM A,2024-10-15
ONCO-2026,SITE005,SUBJ0098,60,F,BLACK OR AFRICAN AMERICAN,HISPANIC OR LATINO,188.9,44.6,12.5,1963-09-25,DEU,2024-10-27,ARM A,2024-11-03
ONCO-2026,SITE001,SUBJ0099,47,F,ASIAN,NOT HISPANIC OR LATINO,151.9,79.2,34.3,1976-01-31,USA,2024-06-25,ARM A,2024-06-29
ONCO-2026,SITE001,SUBJ0100,38,F,WHITE,UNKNOWN,169.8,50.5,17.5,1985-08-02,USA,2024-08-28,ARM A,2024-09-04
ONCO-2026,SITE001,SUBJ0101,48,F,WHITE,NOT HISPANIC OR LATINO,188.2,75.4,21.3,1975-12-18,USA,2024-09-29,ARM B,2024-10-03
ONCO-2026,SITE008,SUBJ0102,42,F,WHITE,NOT HISPANIC OR LATINO,168.1,70.0,24.8,1981-09-20,JPN,2024-08-20,ARM B,2024-08-20
ONCO-2026,SITE003,SUBJ0103,81,M,WHITE,HISPANIC OR LATINO,166.1,84.2,30.5,1942-12-30,GBR,2024-10-21,ARM B,2024-10-28
ONCO-2026,SITE006,SUBJ0104,70,M,WHITE,NOT HISPANIC OR LATINO,164.4,69.5,25.7,1953-08-07,FRA,2024-08-30,ARM B,2024-09-03
ONCO-2026,SITE013,SUBJ0105,57,F,ASIAN,NOT HISPANIC OR LATINO,166.2,69.1,25.0,1966-06-24,NLD,2024-04-05,ARM B,2024-04-07
ONCO-2026,SITE003,SUBJ0106,78,F,WHITE,HISPANIC OR LATINO,181.7,85.0,25.7,1945-08-31,GBR,2024-09-14,ARM B,2024-09-15
ONCO-2026,SITE005,SUBJ0107,59,F,WHITE,HISPANIC OR LATINO,145.9,79.0,37.1,1964-12-13,DEU,2024-09-01,ARM B,2024-09-08
ONCO-2026,SITE010,SUBJ0108,45,M,WHITE,NOT HISPANIC OR LATINO,183.3,78.7,23.4,1978-09-29,AUS,2024-05-26,ARM B,2024-05-31
ONCO-2026,SITE002,SUBJ0109,79,M,WHITE,NOT HISPANIC OR LATINO,153.8,81.0,34.2,1944-03-31,USA,2024-05-20,ARM A,2024-05-24
ONCO-2026,SITE001,SUBJ0110,65,M,WHITE,NOT HISPANIC OR LATINO,165.3,51.0,18.7,1958-08-07,USA,2024-06-04,ARM B,2024-06-10
ONCO-2026,SITE003,SUBJ0111,43,F,OTHER,NOT HISPANIC OR LATINO,163.7,85.4,31.9,1980-09-29,GBR,2024-10-07,ARM B,2024-10-11
ONCO-2026,SITE002,SUBJ0112,55,M,ASIAN,NOT HISPANIC OR LATINO,,83.2,,1968-02-15,USA,2024-09-19,ARM A,2024-09-26
ONCO-2026,SITE014,SUBJ0113,45,M,OTHER,NOT HISPANIC OR LATINO,152.0,58.7,25.4,1978-05-05,BEL,2024-05-16,ARM B,2024-05-20
ONCO-2026,SITE011,SUBJ0114,38,M,WHITE,NOT HISPANIC OR LATINO,172.6,70.3,23.6,1985-06-27,ITA,2024-06-03,ARM B,2024-06-06
ONCO-2026,SITE008,SUBJ0115,70,M,WHITE,NOT HISPANIC OR LATINO,188.2,73.4,20.7,1953-02-20,JPN,2024-08-27,ARM A,2024-09-02
ONCO-2026,SITE012,SUBJ0116,84,F,WHITE,NOT HISPANIC OR LATINO,154.4,72.0,30.2,1939-05-26,ESP,2024-02-23,ARM B,2024-03-01
ONCO-2026,SITE011,SUBJ0117,38,M,WHITE,NOT HISPANIC OR LATINO,169.9,79.0,27.4,1985-11-03,ITA,2024-06-09,ARM A,2024-06-10
ONCO-2026,SITE002,SUBJ0118,65,F,ASIAN,NOT HISPANIC OR LATINO,161.4,95.5,36.7,1958-09-02,USA,2024-05-14,ARM B,2024-05-17
ONCO-2026,SITE013,SUBJ0119,48,M,WHITE,NOT HISPANIC OR LATINO,172.3,90.2,30.4,1975-11-05,NLD,2024-06-02,ARM A,2024-06-08
ONCO-2026,SITE006,SUBJ0120,51,M,WHITE,NOT HISPANIC OR LATINO,168.2,54.3,19.2,1972-09-11,FRA,2024-07-04,ARM A,2024-07-09
ONCO-2026,SITE011,SUBJ0121,49,M,WHITE,NOT HISPANIC OR LATINO,161.6,83.3,31.9,1974-04-03,ITA,2024-06-26,ARM B,2024-06-30
ONCO-2026,SITE013,SUBJ0122,45,M,WHITE,NOT HISPANIC OR LATINO,172.9,93.9,31.4,1978-04-15,NLD,2024-10-17,ARM B,2024-10-21
ONCO-2026,SITE003,SUBJ0123,58,M,BLACK OR AFRICAN AMERICAN,NOT HISPANIC OR LATINO,186.0,79.8,23.1,1965-09-03,GBR,2024-02-25,ARM B,2024-02-25
ONCO-2026,SITE001,SUBJ0124,46,M,WHITE,NOT HISPANIC OR LATINO,166.1,90.4,32.8,1977-03-22,USA,2024-03-25,ARM B,2024-03-31
ONCO-2026,SITE002,SUBJ0125,61,F,WHITE,NOT HISPANIC OR LATINO,175.2,104.2,33.9,1962-06-10,USA,2024-04-01,ARM B,2024-04-05
ONCO-2026,SITE005,SUBJ0126,57,M,WHITE,NOT HISPANIC OR LATINO,155.1,89.4,37.2,1966-03-23,DEU,2024-05-12,ARM B,2024-05-12
ONCO-2026,SITE011,SUBJ0127,54,F,WHITE,HISPANIC OR LATINO,158.4,77.7,31.0,1969-06-25,ITA,2024-07-29,ARM A,2024-07-29
ONCO-2026,SITE012,SUBJ0128,45,F,ASIAN,NOT HISPANIC OR LATINO,172.7,89.7,30.1,1978-07-14,ESP,2024-04-02,ARM B,2024-04-09
ONCO-2026,SITE001,SUBJ0129,49,F,ASIAN,NOT HISPANIC OR LATINO,182.8,76.2,22.8,1974-09-25,USA,2024-05-03,ARM B,2024-05-07
ONCO-2026,SITE006,SUBJ0130,68,M,OTHER,NOT HISPANIC OR LATINO,171.6,74.4,25.3,1955-11-06,FRA,2024-02-16,ARM A,2024-02-19
ONCO-2026,SITE005,SUBJ0131,65,M,ASIAN,UNKNOWN,164.9,68.7,25.3,1958-04-30,DEU,2024-08-14,ARM A,2024-08-19
ONCO-2026,SITE002,SUBJ0132,44,M,WHITE,NOT HISPANIC OR LATINO,,97.5,,1979-05-08,USA,2024-08-10,ARM A,2024-08-13
ONCO-2026,SITE001,SUBJ0133,59,M,BLACK OR AFRICAN AMERICAN,NOT HISPANIC OR LATINO,155.5,61.7,25.5,1964-11-30,USA,2024-07-02,ARM A,2024-07-05
ONCO-2026,SITE004,SUBJ0134,68,F,WHITE,NOT HISPANIC OR LATINO,174.0,97.0,32.0,1955-12-22,GBR,2024-10-18,ARM A,2024-10-22
ONCO-2026,SITE014,SUBJ0135,34,M,WHITE,NOT HISPANIC OR LATINO,176.8,81.5,26.1,1989-11-20,BEL,2024-09-09,ARM B,2024-09-11
ONCO-2026,SITE004,SUBJ0136,65,M,ASIAN,HISPANIC OR LATINO,163.5,53.0,19.8,1958-10-29,GBR,2024-08-14,ARM A,2024-08-15
ONCO-2026,SITE006,SUBJ0137,48,F,WHITE,NOT HISPANIC OR LATINO,163.3,79.5,29.8,1975-02-28,FRA,2024-02-15,ARM A,2024-02-15
ONCO-2026,SITE009,SUBJ0138,65,F,ASIAN,NOT HISPANIC OR LATINO,170.7,42.5,14.6,1958-10-26,CAN,2024-04-29,ARM B,2024-05-03
ONCO-2026,SITE004,SUBJ0139,47,F,WHITE,NOT HISPANIC OR LATINO,163.6,83.4,31.2,1976-02-02,GBR,2024-08-17,ARM A,2024-08-24
ONCO-2026,SITE015,SUBJ0140,32,M,BLACK OR AFRICAN AMERICAN,HISPANIC OR LATINO,167.3,87.3,31.2,1991-06-13,CHE,2024-08-01,ARM B,2024-08-01
ONCO-2026,SITE015,SUBJ0141,35,M,BLACK OR AFRICAN AMERICAN,NOT HISPANIC OR LATINO,189.0,65.1,18.2,1988-03-16,CHE,2024-11-09,ARM A,2024-11-14
ONCO-2026,SITE003,SUBJ0142,58,M,ASIAN,NOT HISPANIC OR LATINO,165.5,75.9,27.7,1965-12-14,GBR,2024-01-25,ARM A,2024-01-27
ONCO-2026,SITE006,SUBJ0143,61,M,BLACK OR AFRICAN AMERICAN,UNKNOWN,,103.3,,1962-07-02,FRA,2024-11-04,ARM A,2024-11-05
ONCO-2026,SITE003,SUBJ0144,45,M,WHITE,NOT HISPANIC OR LATINO,161.5,66.4,25.5,1978-07-04,GBR,2024-07-27,ARM B,2024-07-31
ONCO-2026,SITE003,SUBJ0145,66,M,WHITE,NOT HISPANIC OR LATINO,175.4,58.1,18.9,1957-03-16,GBR,2024-09-15,ARM B,2024-09-20
ONCO-2026,SITE001,SUBJ0146,34,M,WHITE,NOT HISPANIC OR LATINO,166.2,96.2,34.8,1989-05-21,USA,2024-01-18,ARM A,2024-01-24
ONCO-2026,SITE008,SUBJ0147,57,M,WHITE,NOT HISPANIC OR LATINO,161.5,,,1966-04-20,JPN,2024-07-13,ARM B,2024-07-15
ONCO-2026,SITE006,SUBJ0148,41,M,BLACK OR AFRICAN AMERICAN,NOT HISPANIC OR LATINO,181.2,74.1,22.6,1982-09-09,FRA,2024-06-15,ARM A,2024-06-18
ONCO-2026,SITE001,SUBJ0149,48,F,WHITE,NOT HISPANIC OR LATINO,182.2,,,1975-04-07,USA,2024-08-01,ARM B,2024-08-03
ONCO-2026,SITE003,SUBJ0150,58,F,BLACK OR AFRICAN AMERICAN,NOT HISPANIC OR LATINO,162.0,94.1,35.9,1966-01-10,GBR,2024-08-16,ARM A,2024-08-21
ONCO-2026,SITE013,SUBJ0151,45,F,WHITE,HISPANIC OR LATINO,149.3,62.9,28.2,1978-02-01,NLD,2024-10-16,ARM B,2024-10-20
ONCO-2026,SITE002,SUBJ0152,52,M,WHITE,HISPANIC OR LATINO,178.1,66.7,21.0,1971-11-18,USA,2024-10-20,ARM B,2024-10-22
ONCO-2026,SITE002,SUBJ0153,72,M,BLACK OR AFRICAN AMERICAN,NOT HISPANIC OR LATINO,161.2,92.5,35.6,1951-01-31,USA,2024-05-06,ARM B,2024-05-10
ONCO-2026,SITE006,SUBJ0154,49,M,WHITE,HISPANIC OR LATINO,175.9,99.3,32.1,1974-04-16,FRA,2024-09-20,ARM B,2024-09-27
ONCO-2026,SITE015,SUBJ0155,69,F,WHITE,HISPANIC OR LATINO,148.3,82.4,37.5,1954-09-01,CHE,2024-05-06,ARM A,2024-05-10
ONCO-2026,SITE003,SUBJ0156,42,F,WHITE,NOT HISPANIC OR LATINO,176.9,60.8,19.4,1981-02-21,GBR,2024-06-02,ARM A,2024-06-07
ONCO-2026,SITE009,SUBJ0157,65,M,OTHER,NOT HISPANIC OR LATINO,155.9,103.8,42.7,1958-07-25,CAN,2024-08-25,ARM A,2024-08-26
ONCO-2026,SITE010,SUBJ0158,78,F,BLACK OR AFRICAN AMERICAN,NOT HISPANIC OR LATINO,175.3,66.0,21.5,1945-11-19,AUS,2024-09-19,ARM A,2024-09-26
ONCO-2026,SITE002,SUBJ0159,23,M,WHITE,NOT HISPANIC OR LATINO,168.1,69.0,24.4,2000-08-18,USA,2024-01-29,ARM A,2024-01-30
ONCO-2026,SITE010,SUBJ0160,46,F,WHITE,NOT HISPANIC OR LATINO,158.5,79.1,31.5,1977-06-07,AUS,2024-08-01,ARM B,2024-08-03
ONCO-2026,SITE004,SUBJ0161,66,F,WHITE,NOT HISPANIC OR LATINO,163.9,97.3,36.2,1957-10-27,GBR,2024-07-05,ARM B,2024-07-08
ONCO-2026,SITE008,SUBJ0162,55,F,ASIAN,NOT HISPANIC OR LATINO,174.9,86.8,28.4,1968-05-28,JPN,2024-08-09,ARM B,2024-08-15
ONCO-2026,SITE008,SUBJ0163,63,F,BLACK OR AFRICAN AMERICAN,HISPANIC OR LATINO,169.1,80.2,28.0,1961-01-14,JPN,2024-04-08,ARM B,2024-04-13
ONCO-2026,SITE006,SUBJ0164,49,F,WHITE,NOT HISPANIC OR LATINO,173.8,80.9,26.8,1974-09-03,FRA,2024-09-10,ARM A,2024-09-11
ONCO-2026,SITE001,SUBJ0165,59,M,WHITE,HISPANIC OR LATINO,187.8,74.7,21.2,1964-05-04,USA,2024-03-20,ARM A,2024-03-26
ONCO-2026,SITE012,SUBJ0166,55,F,WHITE,NOT HISPANIC OR LATINO,152.4,82.4,35.5,1968-10-16,ESP,2024-10-14,ARM B,2024-10-14
ONCO-2026,SITE004,SUBJ0167,74,M,BLACK OR AFRICAN AMERICAN,NOT HISPANIC OR LATINO,184.2,36.1,10.6,1949-05-01,GBR,2024-01-28,ARM A,2024-02-01
ONCO-2026,SITE002,SUBJ0168,61,F,ASIAN,NOT HISPANIC OR LATINO,169.0,69.6,24.4,1962-11-22,USA,2024-08-03,ARM A,2024-08-04
ONCO-2026,SITE001,SUBJ0169,62,F,WHITE,NOT HISPANIC OR LATINO,159.0,77.6,30.7,1961-03-01,USA,2024-10-29,ARM A,2024-11-05
ONCO-2026,SITE007,SUBJ0170,52,F,WHITE,NOT HISPANIC OR LATINO,154.7,56.7,23.7,1971-08-16,JPN,2024-01-28,ARM A,2024-02-02
ONCO-2026,SITE009,SUBJ0171,51,M,WHITE,UNKNOWN,166.1,79.8,28.9,1972-02-23,CAN,2024-02-26,ARM A,2024-03-01
ONCO-2026,SITE001,SUBJ0172,51,F,OTHER,NOT HISPANIC OR LATINO,177.2,70.9,22.6,1972-05-01,USA,2024-08-21,ARM A,2024-08-27
ONCO-2026,SITE006,SUBJ0173,63,F,WHITE,NOT HISPANIC OR LATINO,166.7,100.3,36.1,1960-03-10,FRA,2024-03-24,ARM B,2024-03-29
ONCO-2026,SITE002,SUBJ0174,52,F,ASIAN,NOT HISPANIC OR LATINO,183.1,97.6,29.1,1971-10-06,USA,2024-09-07,ARM B,2024-09-08
ONCO-2026,SITE008,SUBJ0175,62,M,BLACK OR AFRICAN AMERICAN,NOT HISPANIC OR LATINO,153.5,67.0,28.4,1961-10-29,JPN,2024-04-17,ARM A,2024-04-20
ONCO-2026,SITE002,SUBJ0176,85,M,WHITE,NOT HISPANIC OR LATINO,167.9,71.7,25.4,1938-07-08,USA,2024-02-09,ARM B,2024-02-16
ONCO-2026,SITE009,SUBJ0177,70,M,WHITE,NOT HISPANIC OR LATINO,155.5,72.9,30.1,1953-10-25,CAN,2024-05-27,ARM B,2024-05-27
ONCO-2026,SITE004,SUBJ0178,53,M,WHITE,NOT HISPANIC OR LATINO,171.6,67.2,22.8,1970-04-14,GBR,2024-07-27,ARM A,2024-08-01
ONCO-2026,SITE014,SUBJ0179,74,F,WHITE,NOT HISPANIC OR LATINO,176.9,76.9,24.6,1949-04-19,BEL,2024-06-30,ARM B,2024-07-03
ONCO-2026,SITE002,SUBJ0180,52,M,ASIAN,NOT HISPANIC OR LATINO,163.8,62.6,23.3,1972-01-15,USA,2024-05-02,ARM B,2024-05-03
ONCO-2026,SITE004,SUBJ0181,29,F,BLACK OR AFRICAN AMERICAN,NOT HISPANIC OR LATINO,142.0,57.0,28.3,1994-03-15,GBR,2024-09-03,ARM A,2024-09-10
ONCO-2026,SITE001,SUBJ0182,43,M,WHITE,UNKNOWN,170.0,83.3,28.8,1980-08-03,USA,2024-06-30,ARM B,2024-07-04
ONCO-2026,SITE014,SUBJ0183,31,M,WHITE,NOT HISPANIC OR LATINO,172.4,83.4,28.1,1992-05-10,BEL,2024-07-05,ARM B,2024-07-11
ONCO-2026,SITE012,SUBJ0184,53,F,OTHER,HISPANIC OR LATINO,172.0,61.9,20.9,1971-01-06,ESP,2024-07-27,ARM B,2024-07-28
ONCO-2026,SITE003,SUBJ0185,58,F,ASIAN,NOT HISPANIC OR LATINO,180.4,87.4,26.9,1965-11-19,GBR,2024-06-05,ARM B,2024-06-07
ONCO-2026,SITE008,SUBJ0186,81,M,WHITE,HISPANIC OR LATINO,157.3,64.5,26.1,1942-07-14,JPN,2024-08-17,ARM B,2024-08-17
ONCO-2026,SITE011,SUBJ0187,62,F,OTHER,NOT HISPANIC OR LATINO,174.8,77.8,25.5,1961-08-11,ITA,2024-05-23,ARM A,2024-05-23
ONCO-2026,SITE007,SUBJ0188,54,F,WHITE,HISPANIC OR LATINO,179.9,86.3,26.7,1969-09-15,JPN,2024-02-25,ARM B,2024-02-29
ONCO-2026,SITE006,SUBJ0189,69,M,WHITE,NOT HISPANIC OR LATINO,150.2,73.5,32.6,1954-12-17,FRA,2024-09-11,ARM B,2024-09-18
ONCO-2026,SITE003,SUBJ0190,27,F,BLACK OR AFRICAN AMERICAN,NOT HISPANIC OR LATINO,171.2,80.8,27.6,1996-09-14,GBR,2024-01-24,ARM A,2024-01-25
ONCO-2026,SITE001,SUBJ0191,61,F,ASIAN,HISPANIC OR LATINO,163.0,66.3,25.0,1962-03-31,USA,2024-10-17,ARM A,2024-10-18
ONCO-2026,SITE013,SUBJ0192,68,F,BLACK OR AFRICAN AMERICAN,NOT HISPANIC OR LATINO,167.2,71.1,25.4,1955-12-06,NLD,2024-02-10,ARM B,2024-02-13
ONCO-2026,SITE013,SUBJ0193,37,M,WHITE,NOT HISPANIC OR LATINO,171.5,70.9,24.1,1986-12-03,NLD,2024-07-12,ARM A,2024-07-14
ONCO-2026,SITE008,SUBJ0194,74,F,WHITE,NOT HISPANIC OR LATINO,163.1,62.8,23.6,1949-05-12,JPN,2024-05-08,ARM B,2024-05-14
ONCO-2026,SITE004,SUBJ0195,62,M,AMERICAN INDIAN OR ALASKA NATIVE,NOT HISPANIC OR LATINO,161.2,71.3,27.4,1961-12-11,GBR,2024-02-19,ARM A,2024-02-26
ONCO-2026,SITE004,SUBJ0196,52,M,WHITE,NOT HISPANIC OR LATINO,168.3,50.8,17.9,1971-04-18,GBR,2024-02-04,ARM B,2024-02-09
ONCO-2026,SITE010,SUBJ0197,66,M,WHITE,NOT HISPANIC OR LATINO,157.1,66.6,27.0,1957-11-12,AUS,2024-01-30,ARM B,2024-02-05
ONCO-2026,SITE013,SUBJ0198,85,M,WHITE,HISPANIC OR LATINO,157.1,69.7,28.2,1938-11-11,NLD,2024-05-20,ARM B,2024-05-22
ONCO-2026,SITE013,SUBJ0199,60,F,WHITE,HISPANIC OR LATINO,174.8,70.2,23.0,1963-02-12,NLD,2024-04-26,ARM A,2024-05-02
ONCO-2026,SITE010,SUBJ0200,61,F,WHITE,NOT HISPANIC OR LATINO,156.5,70.4,28.7,1962-05-17,AUS,2024-01-25,ARM A,2024-01-26
ONCO-2026,SITE008,SUBJ0201,51,F,OTHER,UNKNOWN,174.7,73.1,24.0,1972-04-09,JPN,2024-04-02,ARM B,2024-04-09
ONCO-2026,SITE001,SUBJ0202,46,M,WHITE,NOT HISPANIC OR LATINO,172.6,81.2,27.3,1977-10-23,USA,2024-05-16,ARM B,2024-05-22
ONCO-2026,SITE002,SUBJ0203,69,M,WHITE,NOT HISPANIC OR LATINO,150.7,87.1,38.4,1954-09-02,USA,2024-03-19,ARM A,2024-03-23
ONCO-2026,SITE013,SUBJ0204,46,M,WHITE,NOT HISPANIC OR LATINO,161.2,64.3,24.7,1977-04-20,NLD,2024-09-13,ARM A,2024-09-13
ONCO-2026,SITE008,SUBJ0205,59,F,ASIAN,NOT HISPANIC OR LATINO,179.9,56.0,17.3,1964-03-11,JPN,2024-03-13,ARM B,2024-03-18
ONCO-2026,SITE001,SUBJ0206,51,M,BLACK OR AFRICAN AMERICAN,HISPANIC OR LATINO,158.2,58.4,23.3,1972-06-13,USA,2024-10-29,ARM A,2024-11-01
ONCO-2026,SITE001,SUBJ0207,64,F,WHITE,NOT HISPANIC OR LATINO,163.4,66.7,25.0,1959-09-29,USA,2024-05-05,ARM B,2024-05-12
ONCO-2026,SITE009,SUBJ0208,62,F,ASIAN,NOT HISPANIC OR LATINO,172.6,68.7,23.1,1961-04-14,CAN,2024-09-09,ARM A,2024-09-16
ONCO-2026,SITE001,SUBJ0209,72,M,ASIAN,NOT HISPANIC OR LATINO,175.8,62.5,20.2,1951-01-27,USA,2024-05-25,ARM B,2024-05-28
ONCO-2026,SITE002,SUBJ0210,50,F,ASIAN,NOT HISPANIC OR LATINO,165.5,54.6,19.9,1973-10-05,USA,2024-07-21,ARM A,2024-07-26
ONCO-2026,SITE007,SUBJ0211,54,M,ASIAN,NOT HISPANIC OR LATINO,162.0,67.2,25.6,1969-08-09,JPN,2024-04-09,ARM A,2024-04-10
ONCO-2026,SITE009,SUBJ0212,44,F,WHITE,NOT HISPANIC OR LATINO,182.2,76.7,23.1,1979-06-25,CAN,2024-03-13,ARM A,2024-03-18
ONCO-2026,SITE008,SUBJ0213,51,F,BLACK OR AFRICAN AMERICAN,NOT HISPANIC OR LATINO,185.4,82.9,24.1,1972-02-07,JPN,2024-04-07,ARM B,2024-04-12
ONCO-2026,SITE002,SUBJ0214,63,M,WHITE,HISPANIC OR LATINO,177.8,65.6,20.8,1960-02-18,USA,2024-06-22,ARM A,2024-06-22
ONCO-2026,SITE009,SUBJ0215,68,M,ASIAN,NOT HISPANIC OR LATINO,168.9,67.8,23.8,1955-07-08,CAN,2024-03-10,ARM B,2024-03-16
ONCO-2026,SITE002,SUBJ0216,45,F,BLACK OR AFRICAN AMERICAN,NOT HISPANIC OR LATINO,159.9,60.1,23.5,1978-06-05,USA,2024-11-06,ARM B,2024-11-10
ONCO-2026,SITE004,SUBJ0217,70,F,ASIAN,HISPANIC OR LATINO,159.7,73.5,28.8,1953-04-26,GBR,2024-01-28,ARM A,2024-01-31
ONCO-2026,SITE010,SUBJ0218,76,M,BLACK OR AFRICAN AMERICAN,NOT HISPANIC OR LATINO,173.2,61.3,20.4,1947-05-29,AUS,2024-06-22,ARM A,2024-06-23
ONCO-2026,SITE008,SUBJ0219,63,F,WHITE,NOT HISPANIC OR LATINO,172.2,82.6,27.9,1960-11-15,JPN,2024-11-04,ARM A,2024-11-11
ONCO-2026,SITE012,SUBJ0220,84,F,WHITE,NOT HISPANIC OR LATINO,182.0,47.2,14.2,1939-09-11,ESP,2024-07-25,ARM A,2024-07-26
ONCO-2026,SITE008,SUBJ0221,47,F,UNKNOWN,NOT HISPANIC OR LATINO,174.5,68.6,22.5,1976-09-22,JPN,2024-08-05,ARM A,2024-08-08
ONCO-2026,SITE007,SUBJ0222,40,M,AMERICAN INDIAN OR ALASKA NATIVE,HISPANIC OR LATINO,153.0,78.5,33.5,1983-12-14,JPN,2024-04-25,ARM A,2024-04-25
ONCO-2026,SITE001,SUBJ0223,33,F,WHITE,NOT HISPANIC OR LATINO,178.5,76.8,24.1,1990-07-26,USA,2024-02-22,ARM B,2024-02-22
ONCO-2026,SITE004,SUBJ0224,78,F,WHITE,NOT HISPANIC OR LATINO,158.0,114.4,45.8,1946-01-05,GBR,2024-05-18,ARM A,2024-05-23
ONCO-2026,SITE003,SUBJ0225,67,M,WHITE,NOT HISPANIC OR LATINO,164.2,79.2,29.4,1956-03-20,GBR,2024-03-07,ARM B,2024-03-10
ONCO-2026,SITE003,SUBJ0226,57,M,BLACK OR AFRICAN AMERICAN,NOT HISPANIC OR LATINO,170.5,58.9,20.3,1966-04-07,GBR,2024-06-17,ARM A,2024-06-19
ONCO-2026,SITE015,SUBJ0227,61,F,ASIAN,NOT HISPANIC OR LATINO,188.0,72.6,20.5,1962-09-20,CHE,2024-03-16,ARM B,2024-03-19
ONCO-2026,SITE004,SUBJ0228,42,M,WHITE,NOT HISPANIC OR LATINO,199.1,47.4,12.0,1981-03-20,GBR,2024-10-30,ARM B,2024-10-31
ONCO-2026,SITE013,SUBJ0229,85,F,WHITE,NOT HISPANIC OR LATINO,174.1,72.8,24.0,1938-09-25,NLD,2024-02-05,ARM B,2024-02-08
ONCO-2026,SITE008,SUBJ0230,59,M,ASIAN,NOT HISPANIC OR LATINO,166.2,61.5,22.3,1965-01-12,JPN,2024-07-10,ARM B,2024-07-13
ONCO-2026,SITE011,SUBJ0231,59,M,BLACK OR AFRICAN AMERICAN,NOT HISPANIC OR LATINO,173.3,87.7,29.2,1964-12-10,ITA,2024-10-13,ARM A,2024-10-16
ONCO-2026,SITE006,SUBJ0232,68,F,WHITE,NOT HISPANIC OR LATINO,176.9,65.8,21.0,1955-01-18,FRA,2024-08-21,ARM A,2024-08-26
ONCO-2026,SITE007,SUBJ0233,64,M,WHITE,NOT HISPANIC OR LATINO,164.8,72.2,26.6,1959-02-26,JPN,2024-07-22,ARM A,2024-07-24
ONCO-2026,SITE006,SUBJ0234,61,M,WHITE,NOT HISPANIC OR LATINO,186.0,64.5,18.6,1962-12-16,FRA,2024-02-19,ARM B,2024-02-19
ONCO-2026,SITE002,SUBJ0235,46,M,WHITE,NOT HISPANIC OR LATINO,170.3,100.1,34.5,1977-09-20,USA,2024-09-30,ARM A,2024-10-04
ONCO-2026,SITE010,SUBJ0236,64,F,WHITE,NOT HISPANIC OR LATINO,173.0,69.2,23.1,1959-12-12,AUS,2024-07-07,ARM A,2024-07-09
ONCO-2026,SITE003,SUBJ0237,84,M,BLACK OR AFRICAN AMERICAN,NOT HISPANIC OR LATINO,174.7,101.5,33.3,1939-12-30,GBR,2024-01-21,ARM B,2024-01-23
ONCO-2026,SITE001,SUBJ0238,76,M,ASIAN,NOT HISPANIC OR LATINO,172.2,86.2,29.1,1947-07-30,USA,2024-08-17,ARM B,2024-08-21
ONCO-2026,SITE008,SUBJ0239,80,F,BLACK OR AFRICAN AMERICAN,NOT HISPANIC OR LATINO,176.4,81.2,26.1,1943-12-10,JPN,2024-09-21,ARM B,2024-09-23
ONCO-2026,SITE002,SUBJ0240,50,M,ASIAN,NOT HISPANIC OR LATINO,161.8,79.5,30.4,1973-04-27,USA,2024-03-09,ARM A,2024-03-10
ONCO-2026,SITE014,SUBJ0241,44,F,WHITE,NOT HISPANIC OR LATINO,,79.9,,1979-09-16,BEL,2024-08-23,ARM B,2024-08-23
ONCO-2026,SITE014,SUBJ0242,56,M,WHITE,NOT HISPANIC OR LATINO,157.0,45.1,18.3,1967-08-26,BEL,2024-07-18,ARM A,2024-07-20
ONCO-2026,SITE013,SUBJ0243,58,F,WHITE,NOT HISPANIC OR LATINO,172.4,69.8,23.5,1965-02-07,NLD,2024-09-06,ARM A,2024-09-06
ONCO-2026,SITE004,SUBJ0244,73,M,WHITE,NOT HISPANIC OR LATINO,175.8,86.7,28.1,1950-05-12,GBR,2024-04-02,ARM A,2024-04-07
ONCO-2026,SITE001,SUBJ0245,34,F,BLACK OR AFRICAN AMERICAN,NOT HISPANIC OR LATINO,172.6,73.3,24.6,1989-09-28,USA,2024-08-24,ARM B,2024-08-27
ONCO-2026,SITE014,SUBJ0246,79,M,UNKNOWN,NOT HISPANIC OR LATINO,184.7,52.9,15.5,1944-04-14,BEL,2024-04-14,ARM B,2024-04-19
ONCO-2026,SITE005,SUBJ0247,55,M,WHITE,NOT HISPANIC OR LATINO,167.9,73.2,26.0,1968-11-09,DEU,2024-10-08,ARM B,2024-10-08
ONCO-2026,SITE015,SUBJ0248,52,M,WHITE,NOT HISPANIC OR LATINO,174.7,99.6,32.6,1971-03-29,CHE,2024-06-01,ARM B,2024-06-03
ONCO-2026,SITE015,SUBJ0249,43,M,ASIAN,NOT HISPANIC OR LATINO,157.1,92.7,37.6,1980-03-26,CHE,2024-10-16,ARM B,2024-10-20
ONCO-2026,SITE012,SUBJ0250,34,M,WHITE,NOT HISPANIC OR LATINO,164.1,73.1,27.1,1989-05-18,ESP,2024-09-18,ARM B,2024-09-18
ONCO-2026,SITE003,SUBJ0251,69,M,WHITE,NOT HISPANIC OR LATINO,175.0,88.3,28.8,1954-09-13,GBR,2024-09-09,ARM A,2024-09-11
ONCO-2026,SITE004,SUBJ0252,59,F,BLACK OR AFRICAN AMERICAN,NOT HISPANIC OR LATINO,176.5,68.5,22.0,1964-05-18,GBR,2024-08-25,ARM B,2024-08-31
ONCO-2026,SITE012,SUBJ0253,39,M,WHITE,NOT HISPANIC OR LATINO,165.1,48.4,17.8,1984-06-21,ESP,2024-05-31,ARM B,2024-06-01
ONCO-2026,SITE003,SUBJ0254,39,M,WHITE,HISPANIC OR LATINO,167.3,60.1,21.5,1984-10-10,GBR,2024-06-28,ARM B,2024-06-29
ONCO-2026,SITE002,SUBJ0255,53,F,WHITE,NOT HISPANIC OR LATINO,152.8,97.4,41.7,1970-11-28,USA,2024-05-19,ARM B,2024-05-26
ONCO-2026,SITE007,SUBJ0256,81,F,ASIAN,NOT HISPANIC OR LATINO,164.4,69.9,25.9,1942-11-27,JPN,2024-02-28,ARM B,2024-03-06
ONCO-2026,SITE014,SUBJ0257,54,M,WHITE,NOT HISPANIC OR LATINO,176.9,70.3,22.5,1969-02-12,BEL,2024-06-05,ARM A,2024-06-10
ONCO-2026,SITE009,SUBJ0258,36,M,WHITE,HISPANIC OR LATINO,173.8,69.5,23.0,1987-06-09,CAN,2024-09-01,ARM B,2024-09-02
ONCO-2026,SITE007,SUBJ0259,54,M,ASIAN,NOT HISPANIC OR LATINO,173.0,102.6,34.3,1969-07-18,JPN,2024-05-18,ARM B,2024-05-25
ONCO-2026,SITE001,SUBJ0260,54,F,WHITE,NOT HISPANIC OR LATINO,168.5,98.4,34.7,1969-06-13,USA,2024-09-08,ARM A,2024-09-11
ONCO-2026,SITE008,SUBJ0261,20,F,BLACK OR AFRICAN AMERICAN,NOT HISPANIC OR LATINO,168.1,107.3,38.0,2003-06-19,JPN,2024-11-01,ARM A,2024-11-01
ONCO-2026,SITE015,SUBJ0262,57,M,WHITE,NOT HISPANIC OR LATINO,161.4,71.6,27.5,1966-05-21,CHE,2024-07-27,ARM A,2024-07-31
ONCO-2026,SITE002,SUBJ0263,54,F,OTHER,NOT HISPANIC OR LATINO,175.0,78.4,25.6,1969-12-19,USA,2024-07-05,ARM A,2024-07-12
ONCO-2026,SITE006,SUBJ0264,67,F,WHITE,NOT HISPANIC OR LATINO,172.2,51.3,17.3,1956-02-06,FRA,2024-01-29,ARM A,2024-01-29
ONCO-2026,SITE012,SUBJ0265,83,F,WHITE,UNKNOWN,172.9,96.2,32.2,1940-02-16,ESP,2024-09-24,ARM A,2024-09-24
ONCO-2026,SITE010,SUBJ0266,73,F,WHITE,NOT HISPANIC OR LATINO,162.7,56.5,21.3,1950-02-19,AUS,2024-06-29,ARM B,2024-07-06
ONCO-2026,SITE009,SUBJ0267,54,M,WHITE,NOT HISPANIC OR LATINO,146.5,77.3,36.0,1969-11-26,CAN,2024-04-17,ARM A,2024-04-23
ONCO-2026,SITE009,SUBJ0268,42,M,ASIAN,NOT HISPANIC OR LATINO,179.0,57.5,17.9,1981-12-15,CAN,2024-09-20,ARM A,2024-09-26
ONCO-2026,SITE004,SUBJ0269,85,M,UNKNOWN,NOT HISPANIC OR LATINO,163.2,65.2,24.5,1938-06-23,GBR,2024-05-02,ARM B,2024-05-03
ONCO-2026,SITE003,SUBJ0270,58,M,WHITE,HISPANIC OR LATINO,159.4,61.4,24.2,1965-07-26,GBR,2024-07-14,ARM A,2024-07-21
ONCO-2026,SITE011,SUBJ0271,58,F,WHITE,NOT HISPANIC OR LATINO,174.9,64.9,21.2,1965-11-21,ITA,2024-05-26,ARM A,2024-06-02
ONCO-2026,SITE011,SUBJ0272,57,F,BLACK OR AFRICAN AMERICAN,UNKNOWN,164.1,65.9,24.5,1966-09-10,ITA,2024-07-07,ARM A,2024-07-08
ONCO-2026,SITE012,SUBJ0273,60,M,ASIAN,NOT HISPANIC OR LATINO,178.6,65.8,20.6,1963-10-09,ESP,2024-06-06,ARM B,2024-06-07
ONCO-2026,SITE013,SUBJ0274,55,M,WHITE,HISPANIC OR LATINO,174.2,86.5,28.5,1968-10-10,NLD,2024-06-04,ARM A,2024-06-09
ONCO-2026,SITE006,SUBJ0275,49,M,WHITE,HISPANIC OR LATINO,174.8,57.4,18.8,1974-04-16,FRA,2024-10-25,ARM B,2024-10-27
ONCO-2026,SITE006,SUBJ0276,50,F,WHITE,NOT HISPANIC OR LATINO,154.3,77.3,32.5,1973-05-31,FRA,2024-01-20,ARM A,2024-01-21
ONCO-2026,SITE011,SUBJ0277,57,M,BLACK OR AFRICAN AMERICAN,NOT HISPANIC OR LATINO,180.1,92.3,28.5,1966-11-05,ITA,2024-10-05,ARM B,2024-10-07
ONCO-2026,SITE008,SUBJ0278,50,M,WHITE,HISPANIC OR LATINO,170.6,66.3,22.8,1973-06-13,JPN,2024-04-21,ARM A,2024-04-25
ONCO-2026,SITE009,SUBJ0279,48,M,WHITE,NOT HISPANIC OR LATINO,164.3,63.2,23.4,1975-10-14,CAN,2024-02-27,ARM A,2024-03-03
ONCO-2026,SITE011,SUBJ0280,59,M,WHITE,NOT HISPANIC OR LATINO,169.4,70.5,24.6,1964-08-26,ITA,2024-05-17,ARM B,2024-05-23
ONCO-2026,SITE013,SUBJ0281,54,F,ASIAN,NOT HISPANIC OR LATINO,150.2,91.7,40.6,1969-05-24,NLD,2024-08-10,ARM B,2024-08-14
ONCO-2026,SITE004,SUBJ0282,79,F,WHITE,NOT HISPANIC OR LATINO,172.1,76.9,26.0,1944-09-10,GBR,2024-09-21,ARM A,2024-09-28
ONCO-2026,SITE004,SUBJ0283,20,M,WHITE,HISPANIC OR LATINO,157.7,66.0,26.5,2003-12-08,GBR,2024-10-25,ARM B,2024-10-31
ONCO-2026,SITE001,SUBJ0284,73,F,WHITE,UNKNOWN,154.5,81.3,34.1,1950-06-03,USA,2024-05-17,ARM A,2024-05-18
ONCO-2026,SITE007,SUBJ0285,75,F,BLACK OR AFRICAN AMERICAN,NOT HISPANIC OR LATINO,152.8,57.5,24.6,1948-04-09,JPN,2024-09-14,ARM B,2024-09-15
ONCO-2026,SITE001,SUBJ0286,28,F,WHITE,NOT HISPANIC OR LATINO,179.1,84.2,26.2,1995-11-26,USA,2024-09-22,ARM B,2024-09-25
ONCO-2026,SITE005,SUBJ0287,53,M,WHITE,NOT HISPANIC OR LATINO,161.7,80.1,30.6,1970-12-21,DEU,2024-08-31,ARM A,2024-09-06
ONCO-2026,SITE007,SUBJ0288,52,M,WHITE,NOT HISPANIC OR LATINO,183.3,69.4,20.7,1971-02-16,JPN,2024-01-23,ARM A,2024-01-30
ONCO-2026,SITE003,SUBJ0289,38,M,WHITE,UNKNOWN,162.6,61.4,23.2,1985-04-14,GBR,2024-03-02,ARM A,2024-03-05
ONCO-2026,SITE007,SUBJ0290,47,F,WHITE,NOT HISPANIC OR LATINO,150.9,60.7,26.7,1977-01-08,JPN,2024-06-13,ARM A,2024-06-19
ONCO-2026,SITE001,SUBJ0291,42,M,BLACK OR AFRICAN AMERICAN,UNKNOWN,156.8,82.0,33.4,1981-11-29,USA,2024-05-07,ARM A,2024-05-12
ONCO-2026,SITE001,SUBJ0292,82,M,ASIAN,NOT HISPANIC OR LATINO,180.4,92.4,28.4,1941-09-16,USA,2024-08-09,ARM A,2024-08-16
ONCO-2026,SITE011,SUBJ0293,71,M,WHITE,NOT HISPANIC OR LATINO,166.4,64.4,23.3,1952-10-22,ITA,2024-05-18,ARM B,2024-05-24
ONCO-2026,SITE004,SUBJ0294,75,F,ASIAN,NOT HISPANIC OR LATINO,162.5,80.9,30.6,1948-06-21,GBR,2024-06-19,ARM A,2024-06-25
ONCO-2026,SITE002,SUBJ0295,68,M,WHITE,NOT HISPANIC OR LATINO,169.6,42.7,14.8,1955-05-12,USA,2024-11-07,ARM A,2024-11-08
ONCO-2026,SITE006,SUBJ0296,42,F,WHITE,NOT HISPANIC OR LATINO,173.0,65.2,21.8,1981-05-14,FRA,2024-07-21,ARM B,2024-07-26
ONCO-2026,SITE010,SUBJ0297,50,F,WHITE,NOT HISPANIC OR LATINO,179.2,,,1973-09-28,AUS,2024-09-13,ARM A,2024-09-19
ONCO-2026,SITE002,SUBJ0298,64,M,WHITE,NOT HISPANIC OR LATINO,182.5,60.4,18.1,1959-06-24,USA,2024-10-24,ARM A,2024-10-29
ONCO-2026,SITE008,SUBJ0299,40,F,ASIAN,NOT HISPANIC OR LATINO,164.4,60.0,22.2,1983-12-16,JPN,2024-10-12,ARM B,2024-10-16
ONCO-2026,SITE001,SUBJ0300,67,M,BLACK OR AFRICAN AMERICAN,NOT HISPANIC OR LATINO,154.7,64.0,26.7,1956-10-23,USA,2024-07-09,ARM B,2024-07-14
ONCO-2026,SITE001,SUBJ0301,54,F,ASIAN,NOT HISPANIC OR LATINO,163.9,78.4,29.2,1969-07-05,USA,2024-08-19,ARM B,2024-08-21
ONCO-2026,SITE006,SUBJ0302,52,M,WHITE,NOT HISPANIC OR LATINO,170.6,71.2,24.5,1972-01-14,FRA,2024-10-22,ARM A,2024-10-29
ONCO-2026,SITE007,SUBJ0303,67,F,WHITE,NOT HISPANIC OR LATINO,158.4,40.4,16.1,1956-06-30,JPN,2024-07-02,ARM A,2024-07-03
ONCO-2026,SITE008,SUBJ0304,64,F,WHITE,NOT HISPANIC OR LATINO,158.4,42.2,16.8,1959-09-02,JPN,2024-07-13,ARM B,2024-07-14
ONCO-2026,SITE010,SUBJ0305,52,F,WHITE,HISPANIC OR LATINO,171.4,64.9,22.1,1971-05-28,AUS,2024-09-03,ARM A,2024-09-04
ONCO-2026,SITE015,SUBJ0306,74,F,WHITE,NOT HISPANIC OR LATINO,167.5,80.9,28.8,1949-08-22,CHE,2024-06-01,ARM B,2024-06-02
ONCO-2026,SITE006,SUBJ0307,42,M,WHITE,NOT HISPANIC OR LATINO,168.3,32.8,11.6,1981-06-13,FRA,2024-06-19,ARM B,2024-06-25
ONCO-2026,SITE004,SUBJ0308,66,F,WHITE,UNKNOWN,160.4,66.5,25.8,1957-01-24,GBR,2024-05-22,ARM A,2024-05-23
ONCO-2026,SITE011,SUBJ0309,66,F,WHITE,NOT HISPANIC OR LATINO,165.7,66.1,24.1,1957-04-06,ITA,2024-05-12,ARM B,2024-05-17
ONCO-2026,SITE003,SUBJ0310,53,F,BLACK OR AFRICAN AMERICAN,NOT HISPANIC OR LATINO,158.8,94.8,37.6,1970-02-11,GBR,2024-03-16,ARM A,2024-03-18
ONCO-2026,SITE005,SUBJ0311,62,M,UNKNOWN,NOT HISPANIC OR LATINO,176.9,68.2,21.8,1961-05-11,DEU,2024-04-22,ARM A,2024-04-22
ONCO-2026,SITE001,SUBJ0312,40,F,AMERICAN INDIAN OR ALASKA NATIVE,NOT HISPANIC OR LATINO,178.4,79.7,25.0,1983-10-28,USA,2024-06-24,ARM B,2024-06-29
ONCO-2026,SITE001,SUBJ0313,70,F,BLACK OR AFRICAN AMERICAN,NOT HISPANIC OR LATINO,149.5,76.1,34.0,1953-10-10,USA,2024-03-16,ARM B,2024-03-17
ONCO-2026,SITE015,SUBJ0314,55,F,WHITE,NOT HISPANIC OR LATINO,158.7,42.0,16.7,1968-08-17,CHE,2024-10-15,ARM A,2024-10-21
ONCO-2026,SITE012,SUBJ0315,50,M,BLACK OR AFRICAN AMERICAN,NOT HISPANIC OR LATINO,153.0,85.5,36.5,1973-09-26,ESP,2024-04-18,ARM A,2024-04-23
ONCO-2026,SITE009,SUBJ0316,72,F,ASIAN,NOT HISPANIC OR LATINO,161.5,77.2,29.6,1951-12-17,CAN,2024-04-22,ARM B,2024-04-28
ONCO-2026,SITE005,SUBJ0317,48,M,WHITE,UNKNOWN,167.2,81.6,29.2,1975-03-25,DEU,2024-05-04,ARM A,2024-05-04
ONCO-2026,SITE002,SUBJ0318,38,F,WHITE,NOT HISPANIC OR LATINO,153.5,132.9,56.4,1985-04-13,USA,2024-09-18,ARM B,2024-09-22
ONCO-2026,SITE002,SUBJ0319,36,M,ASIAN,NOT HISPANIC OR LATINO,158.8,42.7,16.9,1987-12-15,USA,2024-06-04,ARM B,2024-06-08
ONCO-2026,SITE003,SUBJ0320,66,F,WHITE,NOT HISPANIC OR LATINO,158.0,99.9,40.0,1957-08-08,GBR,2024-10-09,ARM B,2024-10-14
ONCO-2026,SITE007,SUBJ0321,40,F,WHITE,NOT HISPANIC OR LATINO,170.1,69.7,24.1,1983-12-17,JPN,2024-06-07,ARM A,2024-06-08
ONCO-2026,SITE009,SUBJ0322,82,M,WHITE,NOT HISPANIC OR LATINO,168.7,78.3,27.5,1941-12-21,CAN,2024-03-06,ARM A,2024-03-09
ONCO-2026,SITE009,SUBJ0323,28,F,WHITE,NOT HISPANIC OR LATINO,160.8,73.3,28.3,1995-03-22,CAN,2024-04-23,ARM A,2024-04-25
ONCO-2026,SITE003,SUBJ0324,81,M,WHITE,HISPANIC OR LATINO,169.8,67.6,23.4,1942-05-16,GBR,2024-06-14,ARM B,2024-06-21
ONCO-2026,SITE014,SUBJ0325,60,F,WHITE,NOT HISPANIC OR LATINO,162.5,65.5,24.8,1963-05-03,BEL,2024-05-10,ARM B,2024-05-13
ONCO-2026,SITE010,SUBJ0326,56,F,WHITE,NOT HISPANIC OR LATINO,165.3,78.9,28.9,1967-04-19,AUS,2024-07-17,ARM B,2024-07-18
ONCO-2026,SITE007,SUBJ0327,50,F,WHITE,NOT HISPANIC OR LATINO,184.7,,,1973-10-27,JPN,2024-04-15,ARM B,2024-04-20
ONCO-2026,SITE008,SUBJ0328,63,F,ASIAN,UNKNOWN,181.4,85.3,25.9,1960-12-17,JPN,2024-06-17,ARM A,2024-06-22
ONCO-2026,SITE005,SUBJ0329,57,F,WHITE,NOT HISPANIC OR LATINO,155.0,67.8,28.2,1966-04-30,DEU,2024-01-22,ARM B,2024-01-23
ONCO-2026,SITE003,SUBJ0330,73,M,WHITE,NOT HISPANIC OR LATINO,176.3,57.0,18.3,1950-12-05,GBR,2024-10-14,ARM B,2024-10-18
ONCO-2026,SITE004,SUBJ0331,59,M,WHITE,NOT HISPANIC OR LATINO,176.1,67.2,21.7,1964-10-12,GBR,2024-03-19,ARM B,2024-03-22
ONCO-2026,SITE010,SUBJ0332,60,F,OTHER,NOT HISPANIC OR LATINO,156.5,92.9,37.9,1963-12-11,AUS,2024-06-03,ARM B,2024-06-09
ONCO-2026,SITE001,SUBJ0333,52,F,WHITE,NOT HISPANIC OR LATINO,176.2,66.0,21.3,1971-03-17,USA,2024-02-07,ARM A,2024-02-07
ONCO-2026,SITE001,SUBJ0334,57,F,WHITE,NOT HISPANIC OR LATINO,183.4,79.4,23.6,1966-12-12,USA,2024-02-11,ARM A,2024-02-15
ONCO-2026,SITE001,SUBJ0335,62,F,ASIAN,NOT HISPANIC OR LATINO,156.8,63.0,25.6,1961-02-04,USA,2024-10-24,ARM A,2024-10-24
ONCO-2026,SITE001,SUBJ0336,34,M,ASIAN,NOT HISPANIC OR LATINO,158.8,85.4,33.9,1989-09-17,USA,2024-06-12,ARM A,2024-06-14
ONCO-2026,SITE012,SUBJ0337,39,F,WHITE,NOT HISPANIC OR LATINO,178.2,84.3,26.5,1984-06-23,ESP,2024-03-19,ARM A,2024-03-23
ONCO-2026,SITE009,SUBJ0338,68,M,ASIAN,NOT HISPANIC OR LATINO,170.7,101.7,34.9,1955-11-15,CAN,2024-09-22,ARM A,2024-09-26
ONCO-2026,SITE006,SUBJ0339,60,F,WHITE,UNKNOWN,173.5,,,1963-03-30,FRA,2024-03-07,ARM A,2024-03-12
ONCO-2026,SITE001,SUBJ0340,55,M,WHITE,NOT HISPANIC OR LATINO,171.4,84.0,28.6,1968-09-11,USA,2024-01-21,ARM B,2024-01-26
ONCO-2026,SITE006,SUBJ0341,58,M,WHITE,NOT HISPANIC OR LATINO,171.9,75.5,25.6,1965-03-25,FRA,2024-11-03,ARM A,2024-11-03
ONCO-2026,SITE006,SUBJ0342,62,M,WHITE,UNKNOWN,154.7,,,1961-03-17,FRA,2024-06-08,ARM A,2024-06-10
ONCO-2026,SITE002,SUBJ0343,50,M,BLACK OR AFRICAN AMERICAN,NOT HISPANIC OR LATINO,178.5,63.2,19.8,1973-12-26,USA,2024-09-11,ARM A,2024-09-13
ONCO-2026,SITE005,SUBJ0344,47,F,WHITE,NOT HISPANIC OR LATINO,179.7,85.2,26.4,1976-03-04,DEU,2024-09-16,ARM B,2024-09-22
ONCO-2026,SITE004,SUBJ0345,60,M,WHITE,NOT HISPANIC OR LATINO,165.7,71.1,25.9,1963-12-05,GBR,2024-08-27,ARM B,2024-08-28
ONCO-2026,SITE008,SUBJ0346,44,M,BLACK OR AFRICAN AMERICAN,NOT HISPANIC OR LATINO,167.6,73.0,26.0,1979-06-15,JPN,2024-07-07,ARM A,2024-07-09
ONCO-2026,SITE008,SUBJ0347,63,M,ASIAN,NOT HISPANIC OR LATINO,152.7,75.4,32.3,1960-02-14,JPN,2024-04-18,ARM B,2024-04-18
ONCO-2026,SITE001,SUBJ0348,34,M,WHITE,NOT HISPANIC OR LATINO,173.1,77.8,26.0,1989-03-23,USA,2024-02-10,ARM A,2024-02-11
ONCO-2026,SITE004,SUBJ0349,72,M,WHITE,NOT HISPANIC OR LATINO,173.7,72.3,24.0,1951-04-01,GBR,2024-05-23,ARM A,2024-05-26
ONCO-2026,SITE008,SUBJ0350,64,M,WHITE,NOT HISPANIC OR LATINO,167.4,77.2,27.5,1959-04-23,JPN,2024-09-15,ARM B,2024-09-21
ONCO-2026,SITE006,SUBJ0351,61,F,BLACK OR AFRICAN AMERICAN,NOT HISPANIC OR LATINO,179.2,97.7,30.4,1962-08-07,FRA,2024-03-13,ARM A,2024-03-19
ONCO-2026,SITE012,SUBJ0352,71,F,BLACK OR AFRICAN AMERICAN,NOT HISPANIC OR LATINO,164.7,88.8,32.7,1952-09-04,ESP,2024-02-17,ARM A,2024-02-24
ONCO-2026,SITE008,SUBJ0353,81,F,OTHER,NOT HISPANIC OR LATINO,173.6,87.0,28.9,1942-10-03,JPN,2024-08-07,ARM B,2024-08-12
ONCO-2026,SITE002,SUBJ0354,72,M,WHITE,NOT HISPANIC OR LATINO,157.8,67.2,27.0,1951-02-07,USA,2024-09-22,ARM B,2024-09-24
ONCO-2026,SITE001,SUBJ0355,32,M,WHITE,UNKNOWN,167.8,60.7,21.6,1991-08-08,USA,2024-02-21,ARM B,2024-02-26
ONCO-2026,SITE008,SUBJ0356,40,F,WHITE,NOT HISPANIC OR LATINO,166.3,88.3,31.9,1983-09-15,JPN,2024-11-05,ARM B,2024-11-09
ONCO-2026,SITE001,SUBJ0357,49,M,WHITE,NOT HISPANIC OR LATINO,170.3,87.1,30.0,1974-09-02,USA,2024-02-11,ARM B,2024-02-16
ONCO-2026,SITE007,SUBJ0358,58,M,WHITE,NOT HISPANIC OR LATINO,164.3,96.1,35.6,1965-06-27,JPN,2024-04-01,ARM A,2024-04-02
ONCO-2026,SITE014,SUBJ0359,65,M,ASIAN,NOT HISPANIC OR LATINO,166.7,64.9,23.4,1958-11-09,BEL,2024-03-31,ARM B,2024-03-31
ONCO-2026,SITE007,SUBJ0360,47,M,WHITE,UNKNOWN,176.3,70.6,22.7,1976-02-07,JPN,2024-10-29,ARM B,2024-10-31
ONCO-2026,SITE004,SUBJ0361,60,M,WHITE,NOT HISPANIC OR LATINO,163.6,49.4,18.5,1963-02-19,GBR,2024-06-18,ARM A,2024-06-20
ONCO-2026,SITE008,SUBJ0362,47,M,BLACK OR AFRICAN AMERICAN,HISPANIC OR LATINO,151.9,68.1,29.5,1976-08-15,JPN,2024-02-27,ARM B,2024-02-27
ONCO-2026,SITE005,SUBJ0363,49,F,WHITE,NOT HISPANIC OR LATINO,185.5,88.9,25.8,1974-05-26,DEU,2024-05-21,ARM A,2024-05-22
ONCO-2026,SITE007,SUBJ0364,38,F,ASIAN,NOT HISPANIC OR LATINO,181.8,67.0,20.3,1985-08-07,JPN,2024-03-15,ARM A,2024-03-19
ONCO-2026,SITE014,SUBJ0365,45,F,WHITE,NOT HISPANIC OR LATINO,155.1,83.6,34.8,1978-12-09,BEL,2024-10-26,ARM B,2024-11-02
ONCO-2026,SITE004,SUBJ0366,39,F,WHITE,NOT HISPANIC OR LATINO,174.9,71.1,23.2,1985-01-11,GBR,2024-08-15,ARM A,2024-08-21
ONCO-2026,SITE015,SUBJ0367,44,F,WHITE,HISPANIC OR LATINO,163.0,78.9,29.7,1979-05-26,CHE,2024-05-09,ARM B,2024-05-16
ONCO-2026,SITE013,SUBJ0368,72,F,WHITE,NOT HISPANIC OR LATINO,170.6,56.8,19.5,1951-03-03,NLD,2024-10-08,ARM A,2024-10-15
ONCO-2026,SITE002,SUBJ0369,44,F,ASIAN,NOT HISPANIC OR LATINO,170.9,75.3,25.8,1979-04-02,USA,2024-07-27,ARM A,2024-08-02
ONCO-2026,SITE001,SUBJ0370,85,M,WHITE,NOT HISPANIC OR LATINO,165.7,29.1,10.6,1938-11-25,USA,2024-09-01,ARM A,2024-09-05
ONCO-2026,SITE001,SUBJ0371,64,M,WHITE,NOT HISPANIC OR LATINO,160.2,71.2,27.7,1959-12-09,USA,2024-08-28,ARM A,2024-08-31
ONCO-2026,SITE001,SUBJ0372,60,M,WHITE,NOT HISPANIC OR LATINO,161.1,49.5,19.1,1963-04-15,USA,2024-06-15,ARM B,2024-06-16
ONCO-2026,SITE001,SUBJ0373,45,F,WHITE,HISPANIC OR LATINO,158.8,92.1,36.5,1978-09-28,USA,2024-08-21,ARM A,2024-08-26
ONCO-2026,SITE009,SUBJ0374,67,F,ASIAN,NOT HISPANIC OR LATINO,159.7,85.7,33.6,1956-05-01,CAN,2024-06-19,ARM A,2024-06-25
ONCO-2026,SITE001,SUBJ0375,49,M,WHITE,NOT HISPANIC OR LATINO,167.3,81.0,28.9,1974-09-02,USA,2024-11-01,ARM A,2024-11-02
ONCO-2026,SITE003,SUBJ0376,59,F,BLACK OR AFRICAN AMERICAN,NOT HISPANIC OR LATINO,160.8,96.8,37.4,1964-11-09,GBR,2024-02-14,ARM B,2024-02-18
ONCO-2026,SITE012,SUBJ0377,85,M,OTHER,NOT HISPANIC OR LATINO,174.8,59.8,19.6,1938-07-21,ESP,2024-03-05,ARM B,2024-03-12
ONCO-2026,SITE001,SUBJ0378,56,F,WHITE,NOT HISPANIC OR LATINO,182.9,100.2,30.0,1967-12-11,USA,2024-04-30,ARM A,2024-05-04
ONCO-2026,SITE011,SUBJ0379,74,M,AMERICAN INDIAN OR ALASKA NATIVE,NOT HISPANIC OR LATINO,162.2,88.0,33.4,1949-09-12,ITA,2024-05-02,ARM B,2024-05-02
ONCO-2026,SITE003,SUBJ0380,48,M,WHITE,NOT HISPANIC OR LATINO,170.4,70.5,24.3,1975-07-10,GBR,2024-05-29,ARM B,2024-06-01
ONCO-2026,SITE001,SUBJ0381,57,M,WHITE,NOT HISPANIC OR LATINO,173.0,91.0,30.4,1966-08-23,USA,2024-02-25,ARM A,2024-03-02
ONCO-2026,SITE009,SUBJ0382,82,M,WHITE,NOT HISPANIC OR LATINO,172.7,57.4,19.2,1941-10-27,CAN,2024-04-04,ARM B,2024-04-04
ONCO-2026,SITE008,SUBJ0383,49,M,BLACK OR AFRICAN AMERICAN,NOT HISPANIC OR LATINO,168.8,61.6,21.6,1974-06-05,JPN,2024-05-16,ARM A,2024-05-16
ONCO-2026,SITE012,SUBJ0384,83,M,UNKNOWN,UNKNOWN,175.4,64.9,21.1,1940-04-12,ESP,2024-04-12,ARM B,2024-04-15
ONCO-2026,SITE010,SUBJ0385,67,F,WHITE,HISPANIC OR LATINO,172.8,66.1,22.1,1956-01-21,AUS,2024-10-23,ARM B,2024-10-27
ONCO-2026,SITE011,SUBJ0386,50,F,BLACK OR AFRICAN AMERICAN,UNKNOWN,155.6,58.2,24.0,1973-08-14,ITA,2024-02-22,ARM B,2024-02-25
ONCO-2026,SITE003,SUBJ0387,66,M,WHITE,NOT HISPANIC OR LATINO,176.7,92.3,29.6,1957-03-08,GBR,2024-04-04,ARM B,2024-04-06
ONCO-2026,SITE002,SUBJ0388,71,F,WHITE,NOT HISPANIC OR LATINO,,70.1,,1952-02-16,USA,2024-01-16,ARM A,2024-01-20
ONCO-2026,SITE010,SUBJ0389,66,F,WHITE,NOT HISPANIC OR LATINO,160.4,79.3,30.8,1957-04-20,AUS,2024-08-11,ARM B,2024-08-15
ONCO-2026,SITE011,SUBJ0390,36,M,OTHER,HISPANIC OR LATINO,168.4,65.4,23.1,1988-01-11,ITA,2024-09-01,ARM A,2024-09-06
ONCO-2026,SITE015,SUBJ0391,47,M,WHITE,NOT HISPANIC OR LATINO,174.8,46.7,15.3,1976-02-09,CHE,2024-09-11,ARM A,2024-09-12
ONCO-2026,SITE005,SUBJ0392,54,M,WHITE,NOT HISPANIC OR LATINO,165.9,78.1,28.4,1969-04-07,DEU,2024-06-12,ARM B,2024-06-12
ONCO-2026,SITE004,SUBJ0393,56,M,WHITE,NOT HISPANIC OR LATINO,178.7,45.3,14.2,1967-08-15,GBR,2024-01-31,ARM A,2024-02-07
ONCO-2026,SITE010,SUBJ0394,66,F,WHITE,NOT HISPANIC OR LATINO,191.6,,,1957-02-10,AUS,2024-05-12,ARM B,2024-05-18
ONCO-2026,SITE004,SUBJ0395,60,M,WHITE,NOT HISPANIC OR LATINO,160.1,53.5,20.9,1963-11-23,GBR,2024-06-10,ARM B,2024-06-12
ONCO-2026,SITE014,SUBJ0396,39,F,WHITE,NOT HISPANIC OR LATINO,154.2,103.8,43.7,1984-11-08,BEL,2024-06-07,ARM A,2024-06-09
ONCO-2026,SITE012,SUBJ0397,63,F,ASIAN,NOT HISPANIC OR LATINO,171.0,87.7,30.0,1960-09-02,ESP,2024-09-03,ARM B,2024-09-09
ONCO-2026,SITE005,SUBJ0398,66,M,WHITE,NOT HISPANIC OR LATINO,175.2,75.6,24.6,1957-11-17,DEU,2024-02-20,ARM B,2024-02-23
ONCO-2026,SITE010,SUBJ0399,65,F,WHITE,NOT HISPANIC OR LATINO,165.7,93.0,33.9,1958-11-22,AUS,2024-05-13,ARM B,2024-05-18
ONCO-2026,SITE010,SUBJ0400,73,M,WHITE,NOT HISPANIC OR LATINO,182.5,61.3,18.4,1950-04-07,AUS,2024-05-29,ARM B,2024-05-30
ONCO-2026,SITE001,SUBJ0401,69,F,ASIAN,HISPANIC OR LATINO,154.6,82.2,34.4,1954-10-28,USA,2024-04-25,ARM A,2024-05-01
ONCO-2026,SITE013,SUBJ0402,64,M,BLACK OR AFRICAN AMERICAN,NOT HISPANIC OR LATINO,174.9,77.0,25.2,1959-08-29,NLD,2024-08-19,ARM A,2024-08-19
ONCO-2026,SITE006,SUBJ0403,57,F,WHITE,HISPANIC OR LATINO,161.9,78.0,29.8,1966-08-24,FRA,2024-03-13,ARM B,2024-03-19
ONCO-2026,SITE011,SUBJ0404,34,F,BLACK OR AFRICAN AMERICAN,NOT HISPANIC OR LATINO,185.2,93.1,27.1,1989-03-12,ITA,2024-10-19,ARM A,2024-10-19
ONCO-2026,SITE004,SUBJ0405,64,M,WHITE,NOT HISPANIC OR LATINO,187.9,85.0,24.1,1959-09-30,GBR,2024-05-09,ARM A,2024-05-16
ONCO-2026,SITE013,SUBJ0406,60,F,WHITE,HISPANIC OR LATINO,160.3,78.3,30.5,1963-07-24,NLD,2024-03-31,ARM A,2024-04-01
ONCO-2026,SITE004,SUBJ0407,61,F,WHITE,NOT HISPANIC OR LATINO,162.5,49.2,18.6,1962-10-03,GBR,2024-05-30,ARM A,2024-06-04
ONCO-2026,SITE001,SUBJ0408,40,F,WHITE,HISPANIC OR LATINO,176.6,59.6,19.1,1983-01-29,USA,2024-03-27,ARM B,2024-04-02
ONCO-2026,SITE013,SUBJ0409,42,F,WHITE,NOT HISPANIC OR LATINO,164.1,72.2,26.8,1981-02-25,NLD,2024-02-20,ARM B,2024-02-26
ONCO-2026,SITE001,SUBJ0410,72,F,OTHER,UNKNOWN,167.5,75.4,26.9,1951-09-02,USA,2024-02-14,ARM B,2024-02-20
ONCO-2026,SITE003,SUBJ0411,57,M,ASIAN,HISPANIC OR LATINO,168.3,57.0,20.1,1966-05-02,GBR,2024-04-08,ARM B,2024-04-12
ONCO-2026,SITE014,SUBJ0412,67,M,BLACK OR AFRICAN AMERICAN,UNKNOWN,148.8,110.2,49.8,1956-05-10,BEL,2024-06-20,ARM A,2024-06-21
ONCO-2026,SITE014,SUBJ0413,58,F,WHITE,NOT HISPANIC OR LATINO,167.9,96.7,34.3,1965-09-09,BEL,2024-11-01,ARM B,2024-11-07
ONCO-2026,SITE007,SUBJ0414,58,M,WHITE,NOT HISPANIC OR LATINO,161.1,83.0,32.0,1965-12-20,JPN,2024-06-10,ARM A,2024-06-10
ONCO-2026,SITE008,SUBJ0415,71,F,BLACK OR AFRICAN AMERICAN,HISPANIC OR LATINO,163.1,75.1,28.2,1952-11-29,JPN,2024-08-26,ARM A,2024-08-31
ONCO-2026,SITE005,SUBJ0416,50,F,WHITE,NOT HISPANIC OR LATINO,182.4,70.8,21.3,1973-02-25,DEU,2024-03-18,ARM A,2024-03-20
ONCO-2026,SITE003,SUBJ0417,59,M,WHITE,NOT HISPANIC OR LATINO,155.4,59.7,24.7,1964-06-13,GBR,2024-09-10,ARM B,2024-09-17
ONCO-2026,SITE004,SUBJ0418,51,M,WHITE,NOT HISPANIC OR LATINO,176.1,75.2,24.2,1972-08-27,GBR,2024-06-18,ARM B,2024-06-23
ONCO-2026,SITE009,SUBJ0419,51,F,ASIAN,HISPANIC OR LATINO,165.2,77.9,28.5,1972-12-24,CAN,2024-08-08,ARM B,2024-08-09
ONCO-2026,SITE010,SUBJ0420,53,M,WHITE,HISPANIC OR LATINO,165.2,55.4,20.3,1971-01-14,AUS,2024-06-02,ARM B,2024-06-08
ONCO-2026,SITE011,SUBJ0421,61,F,WHITE,NOT HISPANIC OR LATINO,175.9,79.0,25.5,1962-07-29,ITA,2024-09-27,ARM A,2024-09-28
ONCO-2026,SITE011,SUBJ0422,51,M,ASIAN,NOT HISPANIC OR LATINO,171.4,71.7,24.4,1972-11-10,ITA,2024-10-17,ARM B,2024-10-20
ONCO-2026,SITE001,SUBJ0423,75,F,WHITE,NOT HISPANIC OR LATINO,173.7,45.4,15.0,1948-02-24,USA,2024-09-23,ARM B,2024-09-29
ONCO-2026,SITE006,SUBJ0424,45,M,WHITE,NOT HISPANIC OR LATINO,177.7,61.1,19.3,1978-09-03,FRA,2024-08-26,ARM A,2024-09-01
ONCO-2026,SITE001,SUBJ0425,55,F,WHITE,NOT HISPANIC OR LATINO,164.7,67.8,25.0,1968-10-25,USA,2024-02-25,ARM B,2024-02-26
ONCO-2026,SITE007,SUBJ0426,51,M,WHITE,NOT HISPANIC OR LATINO,161.9,102.3,39.0,1972-06-03,JPN,2024-02-04,ARM A,2024-02-10
ONCO-2026,SITE005,SUBJ0427,78,F,BLACK OR AFRICAN AMERICAN,NOT HISPANIC OR LATINO,157.1,82.3,33.3,1945-04-08,DEU,2024-08-23,ARM B,2024-08-27
ONCO-2026,SITE013,SUBJ0428,60,M,WHITE,NOT HISPANIC OR LATINO,159.7,54.0,21.2,1963-01-19,NLD,2024-06-28,ARM A,2024-07-03
ONCO-2026,SITE004,SUBJ0429,72,F,WHITE,NOT HISPANIC OR LATINO,197.5,81.3,20.8,1951-06-11,GBR,2024-05-22,ARM B,2024-05-25
ONCO-2026,SITE001,SUBJ0430,37,F,ASIAN,NOT HISPANIC OR LATINO,180.4,50.8,15.6,1986-04-03,USA,2024-01-28,ARM B,2024-02-02
ONCO-2026,SITE002,SUBJ0431,61,M,ASIAN,NOT HISPANIC OR LATINO,154.5,90.2,37.8,1963-01-11,USA,2024-03-01,ARM A,2024-03-03
ONCO-2026,SITE010,SUBJ0432,70,M,ASIAN,NOT HISPANIC OR LATINO,154.8,66.9,27.9,1953-11-19,AUS,2024-05-11,ARM A,2024-05-12
ONCO-2026,SITE008,SUBJ0433,59,M,WHITE,UNKNOWN,,72.6,,1964-12-08,JPN,2024-11-04,ARM A,2024-11-05
ONCO-2026,SITE001,SUBJ0434,72,F,WHITE,NOT HISPANIC OR LATINO,173.5,93.9,31.2,1951-01-27,USA,2024-11-10,ARM A,2024-11-13
ONCO-2026,SITE001,SUBJ0435,50,F,UNKNOWN,NOT HISPANIC OR LATINO,173.5,54.7,18.2,1973-10-31,USA,2024-01-25,ARM A,2024-01-30
ONCO-2026,SITE009,SUBJ0436,77,F,ASIAN,NOT HISPANIC OR LATINO,165.5,53.0,19.3,1946-04-11,CAN,2024-05-31,ARM A,2024-06-05
ONCO-2026,SITE001,SUBJ0437,85,M,WHITE,NOT HISPANIC OR LATINO,166.7,65.2,23.5,1938-12-28,USA,2024-11-05,ARM A,2024-11-07
ONCO-2026,SITE011,SUBJ0438,52,M,WHITE,NOT HISPANIC OR LATINO,171.3,89.6,30.5,1971-07-10,ITA,2024-02-04,ARM A,2024-02-07
ONCO-2026,SITE009,SUBJ0439,51,F,WHITE,NOT HISPANIC OR LATINO,168.9,51.2,17.9,1972-03-23,CAN,2024-04-13,ARM A,2024-04-14
ONCO-2026,SITE001,SUBJ0440,78,M,ASIAN,NOT HISPANIC OR LATINO,145.8,31.5,14.8,1945-04-08,USA,2024-09-11,ARM B,2024-09-13
ONCO-2026,SITE001,SUBJ0441,80,F,WHITE,NOT HISPANIC OR LATINO,165.7,67.2,24.5,1943-11-01,USA,2024-10-06,ARM A,2024-10-10
ONCO-2026,SITE015,SUBJ0442,50,M,WHITE,NOT HISPANIC OR LATINO,159.5,82.3,32.4,1973-06-09,CHE,2024-08-28,ARM B,2024-08-31
ONCO-2026,SITE004,SUBJ0443,52,F,WHITE,HISPANIC OR LATINO,169.8,92.0,31.9,1971-11-11,GBR,2024-06-05,ARM A,2024-06-07
ONCO-2026,SITE004,SUBJ0444,54,M,BLACK OR AFRICAN AMERICAN,NOT HISPANIC OR LATINO,197.9,67.1,17.1,1969-12-25,GBR,2024-04-16,ARM B,2024-04-18
ONCO-2026,SITE011,SUBJ0445,39,M,ASIAN,NOT HISPANIC OR LATINO,171.7,67.8,23.0,1984-08-11,ITA,2024-11-09,ARM A,2024-11-10
ONCO-2026,SITE014,SUBJ0446,45,F,WHITE,NOT HISPANIC OR LATINO,164.9,91.3,33.6,1978-07-13,BEL,2024-08-25,ARM B,2024-08-27
ONCO-2026,SITE015,SUBJ0447,43,F,ASIAN,NOT HISPANIC OR LATINO,177.2,46.0,14.6,1980-12-26,CHE,2024-09-22,ARM B,2024-09-29
ONCO-2026,SITE010,SUBJ0448,47,F,OTHER,NOT HISPANIC OR LATINO,172.8,68.2,22.8,1976-07-16,AUS,2024-03-01,ARM A,2024-03-08
ONCO-2026,SITE004,SUBJ0449,57,M,WHITE,NOT HISPANIC OR LATINO,172.2,76.9,25.9,1966-09-30,GBR,2024-09-11,ARM A,2024-09-18
ONCO-2026,SITE001,SUBJ0450,61,M,WHITE,NOT HISPANIC OR LATINO,174.1,80.7,26.6,1962-01-31,USA,2024-07-11,ARM A,2024-07-16
ONCO-2026,SITE010,SUBJ0451,79,F,WHITE,NOT HISPANIC OR LATINO,188.6,66.4,18.7,1944-09-10,AUS,2024-08-11,ARM A,2024-08-16
ONCO-2026,SITE007,SUBJ0452,44,F,ASIAN,NOT HISPANIC OR LATINO,156.7,74.5,30.3,1979-02-08,JPN,2024-07-03,ARM A,2024-07-05
ONCO-2026,SITE005,SUBJ0453,71,M,WHITE,NOT HISPANIC OR LATINO,172.7,36.7,12.3,1952-11-24,DEU,2024-06-27,ARM B,2024-07-04
ONCO-2026,SITE013,SUBJ0454,55,M,BLACK OR AFRICAN AMERICAN,NOT HISPANIC OR LATINO,158.7,64.1,25.5,1968-07-18,NLD,2024-03-08,ARM B,2024-03-09
ONCO-2026,SITE001,SUBJ0455,57,M,ASIAN,NOT HISPANIC OR LATINO,173.6,,,1966-04-04,USA,2024-04-06,ARM A,2024-04-13
ONCO-2026,SITE006,SUBJ0456,67,F,WHITE,NOT HISPANIC OR LATINO,158.8,59.3,23.5,1956-06-21,FRA,2024-07-01,ARM B,2024-07-08
ONCO-2026,SITE001,SUBJ0457,42,M,ASIAN,NOT HISPANIC OR LATINO,163.8,74.9,27.9,1981-03-04,USA,2024-08-12,ARM A,2024-08-16
ONCO-2026,SITE005,SUBJ0458,63,M,WHITE,HISPANIC OR LATINO,165.0,80.7,29.6,1960-10-28,DEU,2024-09-24,ARM B,2024-09-28
ONCO-2026,SITE001,SUBJ0459,60,M,WHITE,NOT HISPANIC OR LATINO,177.8,68.9,21.8,1963-09-16,USA,2024-06-10,ARM B,2024-06-10
ONCO-2026,SITE001,SUBJ0460,64,M,BLACK OR AFRICAN AMERICAN,NOT HISPANIC OR LATINO,177.2,76.6,24.4,1959-10-24,USA,2024-08-07,ARM B,2024-08-12
ONCO-2026,SITE001,SUBJ0461,62,M,ASIAN,HISPANIC OR LATINO,155.5,59.6,24.6,1961-10-17,USA,2024-10-22,ARM A,2024-10-23
ONCO-2026,SITE008,SUBJ0462,85,M,WHITE,NOT HISPANIC OR LATINO,168.5,70.9,25.0,1938-06-18,JPN,2024-02-02,ARM A,2024-02-06
ONCO-2026,SITE010,SUBJ0463,49,M,ASIAN,HISPANIC OR LATINO,160.9,83.2,32.1,1975-01-03,AUS,2024-09-03,ARM A,2024-09-10
ONCO-2026,SITE007,SUBJ0464,50,F,ASIAN,NOT HISPANIC OR LATINO,155.4,76.4,31.6,1973-10-16,JPN,2024-02-29,ARM B,2024-03-07
ONCO-2026,SITE015,SUBJ0465,49,M,WHITE,NOT HISPANIC OR LATINO,165.8,65.2,23.7,1974-07-29,CHE,2024-06-24,ARM A,2024-06-24
ONCO-2026,SITE004,SUBJ0466,50,F,UNKNOWN,HISPANIC OR LATINO,164.9,77.4,28.5,1973-06-19,GBR,2024-05-23,ARM B,2024-05-23
ONCO-2026,SITE003,SUBJ0467,49,F,WHITE,NOT HISPANIC OR LATINO,192.3,84.7,22.9,1974-02-07,GBR,2024-06-28,ARM B,2024-07-03
ONCO-2026,SITE012,SUBJ0468,74,F,WHITE,HISPANIC OR LATINO,172.3,43.3,14.6,1949-09-10,ESP,2024-03-14,ARM A,2024-03-18
ONCO-2026,SITE002,SUBJ0469,77,F,WHITE,NOT HISPANIC OR LATINO,154.2,91.4,38.4,1946-09-01,USA,2024-08-08,ARM A,2024-08-09
ONCO-2026,SITE015,SUBJ0470,50,M,ASIAN,NOT HISPANIC OR LATINO,162.4,69.0,26.2,1973-10-26,CHE,2024-10-04,ARM A,2024-10-05
ONCO-2026,SITE001,SUBJ0471,46,M,BLACK OR AFRICAN AMERICAN,NOT HISPANIC OR LATINO,178.2,80.4,25.3,1977-01-21,USA,2024-01-15,ARM A,2024-01-21
ONCO-2026,SITE015,SUBJ0472,64,F,WHITE,HISPANIC OR LATINO,188.9,92.0,25.8,1959-11-21,CHE,2024-10-18,ARM A,2024-10-25
ONCO-2026,SITE001,SUBJ0473,50,F,WHITE,NOT HISPANIC OR LATINO,152.1,53.4,23.1,1973-07-04,USA,2024-09-07,ARM A,2024-09-07
ONCO-2026,SITE013,SUBJ0474,66,F,WHITE,NOT HISPANIC OR LATINO,149.2,63.4,28.5,1957-12-27,NLD,2024-08-13,ARM A,2024-08-20
ONCO-2026,SITE006,SUBJ0475,60,F,WHITE,NOT HISPANIC OR LATINO,186.7,69.7,20.0,1963-05-20,FRA,2024-02-11,ARM B,2024-02-14
ONCO-2026,SITE015,SUBJ0476,36,F,ASIAN,NOT HISPANIC OR LATINO,171.9,62.2,21.0,1987-09-24,CHE,2024-04-20,ARM B,2024-04-25
ONCO-2026,SITE001,SUBJ0477,79,M,ASIAN,NOT HISPANIC OR LATINO,159.3,100.0,39.4,1944-10-05,USA,2024-10-06,ARM A,2024-10-13
ONCO-2026,SITE007,SUBJ0478,83,M,WHITE,NOT HISPANIC OR LATINO,173.3,61.1,20.3,1940-05-25,JPN,2024-07-18,ARM B,2024-07-20
ONCO-2026,SITE015,SUBJ0479,49,F,OTHER,NOT HISPANIC OR LATINO,141.6,,,1974-07-20,CHE,2024-09-26,ARM B,2024-09-26
ONCO-2026,SITE006,SUBJ0480,52,F,WHITE,NOT HISPANIC OR LATINO,168.0,77.1,27.3,1971-08-12,FRA,2024-08-28,ARM A,2024-09-04
ONCO-2026,SITE008,SUBJ0481,62,M,UNKNOWN,NOT HISPANIC OR LATINO,171.3,56.0,19.1,1961-09-21,JPN,2024-02-10,ARM A,2024-02-11
ONCO-2026,SITE009,SUBJ0482,62,F,BLACK OR AFRICAN AMERICAN,UNKNOWN,177.2,68.1,21.7,1961-09-23,CAN,2024-04-28,ARM B,2024-05-03
ONCO-2026,SITE005,SUBJ0483,67,M,BLACK OR AFRICAN AMERICAN,HISPANIC OR LATINO,157.9,78.8,31.6,1957-01-03,DEU,2024-05-30,ARM B,2024-05-31
ONCO-2026,SITE008,SUBJ0484,85,F,WHITE,NOT HISPANIC OR LATINO,168.9,69.0,24.2,1938-02-12,JPN,2024-10-22,ARM B,2024-10-24
ONCO-2026,SITE007,SUBJ0485,55,M,ASIAN,NOT HISPANIC OR LATINO,158.7,72.6,28.8,1968-10-09,JPN,2024-03-22,ARM A,2024-03-22
ONCO-2026,SITE013,SUBJ0486,46,M,WHITE,NOT HISPANIC OR LATINO,170.6,66.1,22.7,1977-06-25,NLD,2024-06-10,ARM B,2024-06-13
ONCO-2026,SITE001,SUBJ0487,38,F,WHITE,NOT HISPANIC OR LATINO,159.0,51.3,20.3,1985-07-31,USA,2024-08-26,ARM B,2024-09-02
ONCO-2026,SITE003,SUBJ0488,47,M,WHITE,NOT HISPANIC OR LATINO,163.9,78.8,29.3,1976-08-26,GBR,2024-09-19,ARM B,2024-09-26
ONCO-2026,SITE014,SUBJ0489,57,F,WHITE,HISPANIC OR LATINO,158.0,100.3,40.2,1966-12-11,BEL,2024-03-17,ARM B,2024-03-19
ONCO-2026,SITE013,SUBJ0490,83,F,WHITE,NOT HISPANIC OR LATINO,174.5,74.3,24.4,1940-08-26,NLD,2024-01-29,ARM A,2024-02-03
ONCO-2026,SITE005,SUBJ0491,50,F,BLACK OR AFRICAN AMERICAN,NOT HISPANIC OR LATINO,176.6,77.4,24.8,1973-07-20,DEU,2024-05-16,ARM A,2024-05-21
ONCO-2026,SITE008,SUBJ0492,61,M,ASIAN,NOT HISPANIC OR LATINO,165.7,84.4,30.7,1962-02-21,JPN,2024-04-05,ARM B,2024-04-09
ONCO-2026,SITE003,SUBJ0493,57,M,WHITE,UNKNOWN,168.4,55.0,19.4,1966-04-30,GBR,2024-06-22,ARM B,2024-06-28
ONCO-2026,SITE002,SUBJ0494,74,M,BLACK OR AFRICAN AMERICAN,NOT HISPANIC OR LATINO,153.5,99.5,42.2,1949-06-25,USA,2024-10-23,ARM B,2024-10-29
ONCO-2026,SITE005,SUBJ0495,85,F,WHITE,UNKNOWN,165.0,77.0,28.3,1938-02-02,DEU,2024-01-22,ARM B,2024-01-27
ONCO-2026,SITE004,SUBJ0496,50,F,ASIAN,NOT HISPANIC OR LATINO,167.5,98.5,35.1,1973-04-16,GBR,2024-10-23,ARM B,2024-10-23
ONCO-2026,SITE007,SUBJ0497,51,F,ASIAN,NOT HISPANIC OR LATINO,194.2,63.0,16.7,1972-07-30,JPN,2024-08-10,ARM B,2024-08-15
ONCO-2026,SITE001,SUBJ0498,72,F,WHITE,HISPANIC OR LATINO,156.9,101.3,41.1,1952-01-01,USA,2024-03-02,ARM A,2024-03-03
ONCO-2026,SITE015,SUBJ0499,67,F,BLACK OR AFRICAN AMERICAN,NOT HISPANIC OR LATINO,182.6,85.6,25.7,1956-11-17,CHE,2024-05-09,ARM A,2024-05-14
ONCO-2026,SITE015,SUBJ0500,83,F,WHITE,NOT HISPANIC OR LATINO,178.0,82.3,26.0,1940-09-04,CHE,2024-03-13,ARM A,2024-03-14
